,Trek,Cost,Time,Trip Grade,Max Altitude,Accomodation,Best Travel Time,Date of Travel,Sex,Age,Employment Type,GraduateOrNot,AnnualIncome,FrequentFlyer,Year,Regional code,Country,Fitness Level,Weather Conditions,Trekking Group Size,Guide/No Guide,Equipment Used,Purpose of Travel,Health Incidents,Review/Satisfaction,Cluster,Recommendation
0,Annapurna Base Camp Heli Trek,1750,9,2,4210.0,Hotel/Teahouse,Spring/Autumn,08/07/2023,Other,27,Government Sector,Yes,1050000,No,2017,3980,Kazakhstan,0.0,,8.0,1,,Unknown,0,,1,0
1,Annapurna Base Camp Heli Trek,1750,9,2,4210.0,Hotel/Teahouse,Spring/Autumn,5/27/2023,Other,28,Government Sector,Yes,300000,No,2017,7050,Slovenia,0.0,Cloudy,6.0,0,,Adventure,1,3.5,1,0
2,Annapurna Base Camp Heli Trek,1750,9,2,4210.0,Hotel/Teahouse,Spring/Autumn,05/07/2022,Other,29,Private Sector/Self Employed,Yes,600000,No,2016,1520,Chile,0.0,,8.0,1,,Unknown,0,,1,0
3,Annapurna Base Camp Heli Trek,1750,9,2,4210.0,Hotel/Teahouse,Spring/Autumn,10/07/2022,Male,28,Private Sector/Self Employed,Yes,1150000,No,2017,560,Belgium,0.0,Rainy,8.0,0,,Adventure,1,3.0,1,0
4,Annapurna Base Camp Heli Trek,1750,9,2,4210.0,Hotel/Teahouse,Spring/Autumn,6/24/2022,Other,32,Government Sector,Yes,850000,No,2016,4540,Malawi,2.0,Snowy,12.0,1,Oxygen,Charity,0,5.0,1,1
5,Annapurna Base Camp Short Trek,1090,11,2,4210.0,Hotel/Teahouse,Spring/Autumn,06/04/2023,Other,34,Private Sector/Self Employed,Yes,1050000,No,2017,3840,Court Jiboire,1.0,Clear,5.0,1,Poles,Leisure,0,4.0,1,1
6,Annapurna Base Camp Short Trek,1090,11,2,4210.0,Hotel/Teahouse,Spring/Autumn,5/19/2023,Male,34,Private Sector/Self Employed,Yes,500000,No,2017,7030,Slovakia,2.0,Snowy,12.0,1,Oxygen,Charity,0,5.0,1,1
7,Annapurna Base Camp Short Trek,1090,11,2,4210.0,Hotel/Teahouse,Spring/Autumn,10/04/2020,Female,30,Private Sector/Self Employed,No,550000,No,2016,4461,Macau travel certificate,1.0,Clear,10.0,1,Poles,Leisure,0,4.5,1,1
8,Annapurna Base Camp Short Trek,1090,11,2,4210.0,Hotel/Teahouse,Spring/Autumn,05/10/2021,Other,26,Private Sector/Self Employed,Yes,1500000,Yes,2016,1440,Sri Lanka,0.0,Rainy,8.0,0,,Adventure,1,3.0,1,0
9,Annapurna Base Camp Short Trek,1090,11,2,4210.0,Hotel/Teahouse,Spring/Autumn,3/17/2022,Male,31,Government Sector,Yes,400000,No,2017,510,Armenia,0.0,Cloudy,6.0,0,,Adventure,1,3.5,1,0
10,Annapurna Base Camp Trek,1090,14,5,4210.0,Hotel/Guest House,Spring/Autumn,7/29/2022,Other,28,Government Sector,Yes,300000,No,2017,3800,Italy,2.0,Snowy,12.0,1,Oxygen,Charity,0,5.0,1,1
11,Annapurna Base Camp Trek,1090,16,5,4130.0,Hotel/Guest House,Spring/Autumn/Winter,4/21/2023,Male,31,Government Sector,No,300000,No,2016,4280,Latvia,1.0,Clear,5.0,1,Poles,Leisure,0,4.0,1,1
12,Annapurna Base Camp Trek,1090,14,5,4210.0,Hotel/Guest House,Spring/Autumn,07/12/2023,Other,30,Private Sector/Self Employed,No,550000,No,2016,1400,Central Africa,1.0,Clear,10.0,1,Poles,Leisure,0,4.5,1,1
13,Annapurna Base Camp Trek,1090,14,5,4210.0,Hotel/Guest House,Spring/Autumn,12/03/2020,Other,31,Government Sector,Yes,1500000,Yes,2017,500,Bangladesh,1.0,Clear,5.0,1,Poles,Leisure,0,4.0,1,1
14,Annapurna Base Camp Trek,1090,16,5,4130.0,Hotel/Guest House,Spring/Autumn/Winter,09/01/2022,Male,27,Private Sector/Self Employed,No,1550000,Yes,2016,7560,Switzerland,2.0,Snowy,12.0,1,Oxygen,Charity,0,5.0,1,1
15,Annapurna Base Camp Trek,1090,14,5,4210.0,Hotel/Guest House,Spring/Autumn,7/30/2023,Other,34,Private Sector/Self Employed,No,1400000,No,2017,7020,Singapore,0.0,Rainy,8.0,0,,Adventure,1,3.0,1,0
16,Annapurna Base Camp Trek,1090,16,5,4130.0,Hotel/Guest House,Spring/Autumn/Winter,5/19/2021,Other,34,Private Sector/Self Employed,Yes,1300000,No,2017,6780,Santa Principa,0.0,,8.0,1,,Unknown,0,,1,0
17,Annapurna Base Camp Trek,1090,14,5,4210.0,Hotel/Guest House,Spring/Autumn,05/10/2021,Other,33,Government Sector,Yes,650000,No,2016,4460,Macau,0.0,Cloudy,6.0,0,,Adventure,1,3.5,1,0
18,Annapurna Base Camp Trek,1090,16,5,4130.0,Hotel/Guest House,Spring/Autumn/Winter,8/25/2021,Female,25,Private Sector/Self Employed,No,1150000,No,2017,3560,India,0.0,Rainy,8.0,0,,Adventure,1,3.0,1,0
19,Annapurna Base Camp Trek,1090,16,5,4130.0,Hotel/Guest House,Spring/Autumn/Winter,8/18/2021,Male,34,Private Sector/Self Employed,Yes,1000000,No,2016,1080,Brush,0.0,Cloudy,6.0,0,,Adventure,1,3.5,1,0
20,Annapurna Base Camp Trek ,1499,11,6,4130.0,Hotel/Guest House,Spring/Autumn/Winter,4/15/2020,Other,28,Government Sector,Yes,300000,No,2017,7980,Tsubaru,1.0,Clear,10.0,1,Poles,Leisure,0,4.5,1,1
21,Annapurna Base Camp Trek ,1499,11,6,4130.0,Hotel/Guest House,Spring/Autumn/Winter,5/20/2020,Other,33,Government Sector,Yes,400000,No,2016,2320,Eritria,0.0,Cloudy,6.0,0,,Adventure,1,3.5,1,0
22,Annapurna Base Camp Trek ,1499,11,6,4130.0,Hotel/Guest House,Spring/Autumn/Winter,4/20/2020,Other,34,Private Sector/Self Employed,Yes,700000,No,2017,1560,China,0.0,,8.0,1,,Unknown,0,,1,0
23,Annapurna Base Camp Trek ,1499,11,6,4130.0,Hotel/Guest House,Spring/Autumn/Winter,05/09/2021,Female,28,Private Sector/Self Employed,Yes,800000,No,2017,4620,Maldives,0.0,Rainy,8.0,0,,Adventure,1,3.0,1,0
24,Annapurna Base Camp Trek ,1499,11,6,4130.0,Hotel/Guest House,Spring/Autumn/Winter,06/11/2021,Female,31,Private Sector/Self Employed,Yes,1400000,No,2016,5580,Nicaragua,1.0,Clear,5.0,1,Poles,Leisure,0,4.0,1,1
25,Annapurna Circle Trek ,1499,14,8,5416.0,Hotel/Guest House,Spring/Autumn/Winter,01/11/2023,Male,31,Private Sector/Self Employed,Yes,1250000,Yes,2017,2460,Finland,1.0,Clear,10.0,1,Poles,Leisure,0,4.5,1,1
26,Annapurna Circle Trek ,1499,14,8,5416.0,Hotel/Guest House,Spring/Autumn/Winter,12/23/2021,Female,26,Private Sector/Self Employed,Yes,1400000,No,2016,3480,Hungary,2.0,Snowy,12.0,1,Oxygen,Charity,0,5.0,1,1
27,Annapurna Circle Trek ,1499,14,8,5416.0,Hotel/Guest House,Spring/Autumn/Winter,3/23/2022,Female,28,Private Sector/Self Employed,Yes,600000,Yes,2017,5830,Micronesia,0.0,Cloudy,6.0,0,,Adventure,1,3.5,1,0
28,Annapurna Circle Trek ,1499,14,8,5416.0,Hotel/Guest House,Spring/Autumn/Winter,6/16/2022,Other,29,Private Sector/Self Employed,Yes,1350000,No,2016,280,Antigua Berbuda,1.0,Clear,5.0,1,Poles,Leisure,0,4.0,1,1
29,Annapurna Circle Trek ,1499,14,8,5416.0,Hotel/Guest House,Spring/Autumn/Winter,05/06/2023,Male,34,Private Sector/Self Employed,Yes,1000000,No,2016,6700,St. Vincent,0.0,Rainy,8.0,0,,Adventure,1,3.0,1,0
30,Annapurna Circuit Short Trek,1250,12,10,5416.0,Hotel/Guest House,Spring/Autumn,12/23/2020,Female,26,Private Sector/Self Employed,Yes,1400000,No,2017,4140,Kuwait,1.0,Clear,10.0,1,Poles,Leisure,0,4.5,1,1
31,Annapurna Circuit Short Trek,1250,12,10,5416.0,Hotel/Guest House,Spring/Autumn,08/06/2020,Other,29,Private Sector/Self Employed,Yes,350000,No,2017,760,Brazil,0.0,Rainy,8.0,0,,Adventure,1,3.0,1,0
32,Annapurna Circuit Short Trek,1250,12,10,5416.0,Hotel/Guest House,Spring/Autumn,02/09/2022,Other,25,Private Sector/Self Employed,No,600000,No,2017,7280,South Sudan,0.0,Cloudy,6.0,0,,Adventure,1,3.5,1,0
33,Annapurna Circuit Short Trek,1250,12,10,5416.0,Hotel/Guest House,Spring/Autumn,10/02/2022,Male,32,Government Sector,Yes,800000,No,2016,4780,Mauritania,2.0,Snowy,12.0,1,Oxygen,Charity,0,5.0,1,1
34,Annapurna Circuit Short Trek,1250,12,10,5416.0,Hotel/Guest House,Spring/Autumn,7/21/2022,Female,26,Private Sector/Self Employed,Yes,750000,No,2016,1780,Congo,1.0,Clear,5.0,1,Poles,Leisure,0,4.0,1,1
35,Annapurna Circuit Trek,1100,19,7,5416.0,Hotel/Guest House,Spring/Autumn/Winter,09/07/2022,Female,28,Private Sector/Self Employed,Yes,700000,Yes,2017,6740,Sun Marino,0.0,Cloudy,6.0,0,,Adventure,1,3.5,1,0
36,Annapurna Circuit Trek,1100,19,7,5416.0,Hotel/Guest House,Spring/Autumn/Winter,12/19/2020,Male,31,Government Sector,Yes,1300000,No,2016,7520,Sweden,0.0,Rainy,8.0,0,,Adventure,1,3.0,1,0
37,Annapurna Circuit Trek,1250,14,5,5416.0,Hotel/Teahouse,Spring/Autumn,8/18/2021,Other,27,Government Sector,Yes,850000,No,2017,7240,Spain,1.0,Clear,5.0,1,Poles,Leisure,0,4.0,1,1
38,Annapurna Circuit Trek,1100,19,7,5416.0,Hotel/Guest House,Spring/Autumn/Winter,1/13/2021,Female,26,Private Sector/Self Employed,Yes,1300000,No,2017,3520,Iceland,1.0,Clear,10.0,1,Poles,Leisure,0,4.5,1,1
39,Annapurna Circuit Trek,1100,19,7,5416.0,Hotel/Guest House,Spring/Autumn/Winter,3/15/2022,Female,34,Private Sector/Self Employed,Yes,1000000,No,2016,1040,Myanmar,1.0,Clear,5.0,1,Poles,Leisure,0,4.0,1,1
40,Annapurna Circuit Trek,1250,14,5,5416.0,Hotel/Teahouse,Spring/Autumn,03/09/2022,Other,31,Private Sector/Self Employed,Yes,950000,No,2016,4700,Malta,0.0,Rainy,8.0,0,,Adventure,1,3.0,1,0
41,Annapurna Circuit Trek,1250,14,5,5416.0,Hotel/Teahouse,Spring/Autumn,12/18/2022,Male,33,Government Sector,Yes,400000,No,2016,1740,Komoro,2.0,Snowy,12.0,1,Oxygen,Charity,0,5.0,1,1
42,Annapurna Circuit Trek,1250,14,5,5416.0,Hotel/Teahouse,Spring/Autumn,01/08/2020,Male,34,Private Sector/Self Employed,Yes,1300000,No,2017,4100,South Korea,0.0,Cloudy,6.0,0,,Adventure,1,3.5,1,0
43,Annapurna Circuit Trek,1250,14,5,5416.0,Hotel/Teahouse,Spring/Autumn,05/06/2020,Other,28,Private Sector/Self Employed,Yes,1150000,Yes,2017,720,Botwana,1.0,Clear,10.0,1,Poles,Leisure,0,4.5,1,1
44,Annapurna Circuit Trek,1100,19,7,5416.0,Hotel/Guest House,Spring/Autumn/Winter,06/10/2021,Female,34,Private Sector/Self Employed,Yes,700000,No,2016,4260,Lesot,2.0,Snowy,12.0,1,Oxygen,Charity,0,5.0,1,1
45,Annapurna Circuit Trek with Tilicho Lake and Poon Hill ,1499,20,8,5416.0,Hotel/Guest House,Spring/Autumn/Winter,12/20/2020,Other,26,Private Sector/Self Employed,Yes,1400000,Yes,2016,440,Bahamas,0.0,,8.0,1,,Unknown,0,,3,0
46,Annapurna Circuit Trek with Tilicho Lake and Poon Hill ,1499,20,8,5416.0,Hotel/Guest House,Spring/Autumn/Winter,7/26/2022,Female,29,Private Sector/Self Employed,Yes,1200000,No,2016,3680,Iraq,2.0,Snowy,12.0,1,Oxygen,Charity,0,5.0,3,1
47,Annapurna Circuit Trek with Tilicho Lake and Poon Hill ,1499,20,8,5416.0,Hotel/Guest House,Spring/Autumn/Winter,4/14/2022,Other,35,Private Sector/Self Employed,No,800000,No,2017,5980,Papua New Guinea,0.0,Cloudy,6.0,0,,Adventure,1,3.5,3,0
48,Annapurna Circuit Trek with Tilicho Lake and Poon Hill ,1499,20,8,5416.0,Hotel/Guest House,Spring/Autumn/Winter,10/29/2021,Female,26,Private Sector/Self Employed,Yes,600000,No,2017,2750,Palestine,0.0,,8.0,1,,Unknown,0,,3,0
49,Annapurna Circuit Trek with Tilicho Lake and Poon Hill ,1499,20,8,5416.0,Hotel/Guest House,Spring/Autumn/Winter,05/11/2023,Male,29,Private Sector/Self Employed,Yes,1350000,No,2016,6880,Serbia,0.0,Rainy,8.0,0,,Adventure,1,3.0,3,0
50,Annapurna Circuit Trek ,1499,17,8,5416.0,Hotel/Guest House,Spring/Autumn/Winter,7/19/2020,Female,30,Private Sector/Self Employed,No,550000,Yes,2016,5830,Micronesia,2.0,Snowy,12.0,1,Oxygen,Charity,0,5.0,1,1
51,Annapurna Circuit Trek ,1499,17,8,5416.0,Hotel/Guest House,Spring/Autumn/Winter,08/02/2020,Other,26,Private Sector/Self Employed,Yes,1400000,No,2017,8180,Egypt,0.0,Cloudy,6.0,0,,Adventure,1,3.5,1,0
52,Annapurna Circuit Trek ,1499,17,8,5416.0,Hotel/Guest House,Spring/Autumn/Winter,05/10/2022,Male,29,Private Sector/Self Employed,Yes,900000,No,2017,4800,Mauritius,1.0,Clear,10.0,1,Poles,Leisure,0,4.5,1,1
53,Annapurna Circuit Trek ,1499,17,8,5416.0,Hotel/Guest House,Spring/Autumn/Winter,3/27/2021,Other,35,Private Sector/Self Employed,No,800000,No,2016,2460,Finland,1.0,Clear,5.0,1,Poles,Leisure,0,4.0,1,1
54,Annapurna Circuit Trek ,1499,17,8,5416.0,Hotel/Guest House,Spring/Autumn/Winter,7/15/2020,Other,33,Private Sector/Self Employed,Yes,550000,No,2017,1780,Congo,0.0,Rainy,8.0,0,,Adventure,1,3.0,1,0
55,Annapurna Luxury Trek,1450,9,2,2012.0,Hotel/Luxury Lodge,Spring/Autumn,3/26/2022,Other,31,Private Sector/Self Employed,Yes,1350000,No,2017,7290,Sudan,1.0,Clear,10.0,1,Poles,Leisure,0,4.5,1,1
56,Annapurna Luxury Trek,1450,9,2,2012.0,Hotel/Luxury Lodge,Spring/Autumn,8/20/2020,Male,28,Private Sector/Self Employed,Yes,700000,No,2017,4170,Kyrgyzstan,0.0,Rainy,8.0,0,,Adventure,1,3.0,1,0
57,Annapurna Luxury Trek,1450,9,2,2012.0,Hotel/Luxury Lodge,Spring/Autumn,9/15/2021,Male,34,Government Sector,Yes,1100000,No,2016,4800,Mauritius,0.0,,8.0,1,,Unknown,0,,1,0
58,Annapurna Luxury Trek,1450,9,2,2012.0,Hotel/Luxury Lodge,Spring/Autumn,04/05/2022,Male,27,Government Sector,Yes,500000,No,2016,1781,Zaire,0.0,Cloudy,6.0,0,,Adventure,1,3.5,1,0
59,Annapurna Luxury Trek,1450,9,2,2012.0,Hotel/Luxury Lodge,Spring/Autumn,6/18/2021,Other,31,Private Sector/Self Employed,Yes,1100000,No,2017,840,Belize,2.0,Snowy,12.0,1,Oxygen,Charity,0,5.0,1,1
60,Annapurna Panorama Trek,860,9,1,3210.0,Hotel/Teahouse,Spring/Autumn/Winter,08/01/2021,Male,28,Government Sector,Yes,600000,No,2017,900,Solomon,1.0,Clear,5.0,1,Poles,Leisure,0,4.0,1,1
61,Annapurna Panorama Trek,860,9,1,3210.0,Hotel/Teahouse,Spring/Autumn/Winter,9/19/2022,Other,28,Private Sector/Self Employed,Yes,900000,No,2017,7400,Slinum,0.0,,8.0,1,,Unknown,0,,1,0
62,Annapurna Panorama Trek,860,9,1,3210.0,Hotel/Teahouse,Spring/Autumn/Winter,3/27/2022,Male,29,Private Sector/Self Employed,Yes,350000,No,2017,4180,Laos,2.0,Snowy,12.0,1,Oxygen,Charity,0,5.0,1,1
63,Annapurna Panorama Trek,860,9,1,3210.0,Hotel/Teahouse,Spring/Autumn/Winter,5/27/2020,Other,28,Private Sector/Self Employed,Yes,1150000,No,2016,1800,Congo Democratic Republic,1.0,Clear,10.0,1,Poles,Leisure,0,4.5,1,1
64,Annapurna Panorama Trek,860,9,1,3210.0,Hotel/Teahouse,Spring/Autumn/Winter,03/11/2022,Other,25,Private Sector/Self Employed,Yes,1700000,Yes,2016,4840,Mexico,0.0,Cloudy,6.0,0,,Adventure,1,3.5,1,0
65,Annapurna Sanctuary Trek ,1499,14,6,4130.0,Hotel/Guest House,Spring/Autumn/Winter,4/22/2023,Female,25,Private Sector/Self Employed,Yes,1800000,Yes,2016,6160,Poland,0.0,,8.0,1,,Unknown,0,,1,0
66,Annapurna Sanctuary Trek ,1499,14,6,4130.0,Hotel/Guest House,Spring/Autumn/Winter,1/24/2020,Male,31,Private Sector/Self Employed,Yes,1250000,No,2017,2120,Dominica,1.0,Clear,10.0,1,Poles,Leisure,0,4.5,1,1
67,Annapurna Sanctuary Trek ,1499,14,6,4130.0,Hotel/Guest House,Spring/Autumn/Winter,02/10/2020,Other,25,Private Sector/Self Employed,No,1350000,No,2017,8870,Yemen,1.0,Clear,5.0,1,Poles,Leisure,0,4.0,1,1
68,Annapurna Sanctuary Trek ,1499,14,6,4130.0,Hotel/Guest House,Spring/Autumn/Winter,04/11/2020,Other,28,Private Sector/Self Employed,Yes,700000,No,2016,3000,Greece,2.0,Snowy,12.0,1,Oxygen,Charity,0,5.0,1,1
69,Annapurna Sanctuary Trek ,1499,14,6,4130.0,Hotel/Guest House,Spring/Autumn/Winter,5/27/2023,Other,32,Government Sector,Yes,350000,No,2017,5160,Namibia,0.0,,8.0,1,,Unknown,0,,1,0
70,Annapurna Sunrise and Everest View Trek ,1499,17,5,3870.0,Hotel/Guest House,Spring/Autumn/Winter,02/01/2022,Female,35,Private Sector/Self Employed,No,800000,No,2016,680,Bolivia,1.0,Clear,10.0,1,Poles,Leisure,0,4.5,2,0
71,Annapurna Sunrise and Everest View Trek ,1499,17,5,3870.0,Hotel/Guest House,Spring/Autumn/Winter,9/14/2020,Male,29,Private Sector/Self Employed,Yes,1200000,No,2016,4000,Jordan,0.0,,8.0,1,,Unknown,0,,2,0
72,Annapurna Sunrise and Everest View Trek ,1499,17,5,3870.0,Hotel/Guest House,Spring/Autumn/Winter,6/30/2022,Male,30,Private Sector/Self Employed,No,750000,No,2017,6260,East Timor Democratic Republic,0.0,Rainy,8.0,0,,Adventure,1,3.0,2,0
73,Annapurna Sunrise and Everest View Trek ,1499,17,5,3870.0,Hotel/Guest House,Spring/Autumn/Winter,1/30/2020,Other,35,Private Sector/Self Employed,No,800000,No,2016,7060,Somalia,1.0,Clear,5.0,1,Poles,Leisure,0,4.0,2,0
74,Annapurna Sunrise and Everest View Trek ,1499,17,5,3870.0,Hotel/Guest House,Spring/Autumn/Winter,5/16/2023,Other,28,Private Sector/Self Employed,Yes,800000,Yes,2017,3240,Guinea,2.0,Snowy,12.0,1,Oxygen,Charity,0,5.0,2,1
75,Annapurna Tilicho Lake Trek,1450,17,10,5416.0,Hotel/Guest House,Spring/Autumn,3/24/2022,Male,29,Private Sector/Self Employed,Yes,1100000,No,2017,4220,Lebanon,1.0,Clear,5.0,1,Poles,Leisure,0,4.0,1,1
76,Annapurna Tilicho Lake Trek,1450,17,10,5416.0,Hotel/Guest House,Spring/Autumn,12/12/2020,Other,35,Private Sector/Self Employed,No,800000,No,2016,4920,Monaco,1.0,Clear,10.0,1,Poles,Leisure,0,4.5,1,1
77,Annapurna Tilicho Lake Trek,1450,17,10,5416.0,Hotel/Guest House,Spring/Autumn,04/11/2023,Male,31,Government Sector,No,350000,No,2016,1880,Costa Rica,0.0,Rainy,8.0,0,,Adventure,1,3.0,1,0
78,Annapurna Tilicho Lake Trek,1450,17,10,5416.0,Hotel/Guest House,Spring/Autumn,06/12/2020,Male,31,Government Sector,Yes,1500000,Yes,2017,960,Brunei,0.0,Cloudy,6.0,0,,Adventure,1,3.5,1,0
79,Annapurna Tilicho Lake Trek,1450,17,10,5416.0,Hotel/Guest House,Spring/Autumn,02/08/2021,Male,27,Private Sector/Self Employed,No,600000,No,2017,7480,Swaji Land,2.0,Snowy,12.0,1,Oxygen,Charity,0,5.0,1,1
80,Annapurna With Tilicho Lake Trek ,1499,17,8,5416.0,Hotel/Guest House,Spring/Autumn/Winter,11/01/2022,Male,28,Private Sector/Self Employed,Yes,700000,No,2016,6900,Saechel,2.0,Snowy,12.0,1,Oxygen,Charity,0,5.0,1,1
81,Annapurna With Tilicho Lake Trek ,1499,17,8,5416.0,Hotel/Guest House,Spring/Autumn/Winter,3/22/2022,Female,27,Government Sector,Yes,850000,No,2016,480,Barrane,0.0,Cloudy,6.0,0,,Adventure,1,3.5,1,0
82,Annapurna With Tilicho Lake Trek ,1499,17,8,5416.0,Hotel/Guest House,Spring/Autumn/Winter,6/24/2023,Other,28,Private Sector/Self Employed,Yes,550000,No,2017,6000,Paraguay,0.0,,8.0,1,,Unknown,0,,1,0
83,Annapurna With Tilicho Lake Trek ,1499,17,8,5416.0,Hotel/Guest House,Spring/Autumn/Winter,12/09/2020,Male,29,Private Sector/Self Employed,Yes,1100000,No,2016,3720,Ireland,1.0,Clear,5.0,1,Poles,Leisure,0,4.0,1,1
84,Annapurna With Tilicho Lake Trek ,1499,17,8,5416.0,Hotel/Guest House,Spring/Autumn/Winter,2/13/2021,Female,30,Private Sector/Self Employed,No,800000,Yes,2017,2760,Germany,0.0,Rainy,8.0,0,,Adventure,1,3.0,1,0
85,Classic Annapurna Circuit Trek,1350,18,5,5416.0,Hotel/Teahouse,Spring/Autumn,9/26/2021,Other,33,Government Sector,Yes,700000,Yes,2017,4080,north korea,1.0,Clear,5.0,1,Poles,Leisure,0,4.0,1,1
86,Classic Annapurna Circuit Trek,1350,18,5,5416.0,Hotel/Teahouse,Spring/Autumn,2/22/2021,Female,34,Private Sector/Self Employed,Yes,1500000,Yes,2017,700,Bosnia Herzegovna,0.0,Cloudy,6.0,0,,Adventure,1,3.5,1,0
87,Classic Annapurna Circuit Trek,1350,18,5,5416.0,Hotel/Teahouse,Spring/Autumn,1/27/2021,Female,35,Private Sector/Self Employed,No,800000,No,2016,1700,Columbia,0.0,Rainy,8.0,0,,Adventure,1,3.0,1,0
88,Classic Annapurna Circuit Trek,1350,18,5,5416.0,Hotel/Teahouse,Spring/Autumn,8/20/2020,Male,28,Government Sector,Yes,300000,No,2016,4660,Mari,1.0,Clear,10.0,1,Poles,Leisure,0,4.5,1,1
89,Classic Annapurna Circuit Trek,1350,18,5,5416.0,Hotel/Teahouse,Spring/Autumn,11/18/2022,Female,31,Government Sector,Yes,400000,No,2017,7160,Zimbabwe,2.0,Snowy,12.0,1,Oxygen,Charity,0,5.0,1,1
90,Everest Advanced Base Camp Trek from Tibet ,1499,18,6,6340.0,Hotel/Guest House,Spring/Autumn/Winter,8/19/2021,Other,34,Private Sector/Self Employed,No,1400000,No,2017,1920,Cuba,0.0,,8.0,1,,Unknown,0,,2,0
91,Everest Advanced Base Camp Trek from Tibet ,1499,18,6,6340.0,Hotel/Guest House,Spring/Autumn/Winter,02/04/2020,Other,33,Government Sector,Yes,1100000,No,2016,2700,Gambia,2.0,Snowy,12.0,1,Oxygen,Charity,0,5.0,2,1
92,Everest Advanced Base Camp Trek from Tibet ,1499,18,6,6340.0,Hotel/Guest House,Spring/Autumn/Winter,9/13/2020,Male,34,Private Sector/Self Employed,No,1300000,No,2017,8540,Burkina Faso,1.0,Clear,5.0,1,Poles,Leisure,0,4.0,2,0
93,Everest Advanced Base Camp Trek from Tibet ,1499,18,6,6340.0,Hotel/Guest House,Spring/Autumn/Winter,3/28/2023,Other,28,Private Sector/Self Employed,Yes,550000,No,2016,5910,Panama,0.0,Rainy,8.0,0,,Adventure,1,3.0,2,0
94,Everest Advanced Base Camp Trek from Tibet ,1499,18,6,6340.0,Hotel/Guest House,Spring/Autumn/Winter,6/28/2022,Other,31,Private Sector/Self Employed,Yes,500000,No,2017,4980,Moldoba,0.0,Cloudy,6.0,0,,Adventure,1,3.5,2,0
95,Everest Base Camp Heli Shuttle Trek,2000,12,5,5545.0,Hotel/Guest House,Spring/Autumn,1/25/2021,Female,34,Private Sector/Self Employed,Yes,500000,No,2017,80,Albania,2.0,Snowy,12.0,1,Oxygen,Charity,0,5.0,2,1
96,Everest Base Camp Heli Trek,3600,9,5,5545.0,Hotel/Guest House,Spring/Autumn/Winter,1/15/2022,Other,28,Private Sector/Self Employed,Yes,1100000,No,2016,7480,Swaji Land,1.0,Clear,10.0,1,Poles,Leisure,0,4.5,2,0
97,Everest Base Camp Heli Trek,3600,9,5,5545.0,Hotel/Guest House,Spring/Autumn/Winter,07/03/2021,Male,34,Private Sector/Self Employed,Yes,1300000,No,2016,1000,Bulgaria,2.0,Snowy,12.0,1,Oxygen,Charity,0,5.0,2,1
98,Everest Base Camp Heli Trek,3300,11,5,5545.0,Hotel/Guest House,Spring/Autumn,1/28/2022,Other,28,Private Sector/Self Employed,Yes,700000,No,2017,120,Algeria,1.0,Clear,5.0,1,Poles,Leisure,0,4.0,2,0
99,Everest Base Camp Heli Trek,3600,9,5,5545.0,Hotel/Guest House,Spring/Autumn/Winter,12/04/2020,Female,31,Government Sector,No,400000,No,2017,3480,Hungary,0.0,Cloudy,6.0,0,,Adventure,1,3.5,2,0
100,Everest Base Camp Heli Trek,3600,9,5,5545.0,Hotel/Guest House,Spring/Autumn/Winter,10/28/2021,Female,25,Private Sector/Self Employed,No,600000,Yes,2017,6700,St. Vincent,1.0,Clear,5.0,1,Poles,Leisure,0,4.0,2,0
101,Everest Base Camp Heli Trek,3600,9,5,5545.0,Hotel/Guest House,Spring/Autumn/Winter,2/17/2022,Female,27,Government Sector,Yes,850000,No,2016,4220,Lebanon,0.0,,8.0,1,,Unknown,0,,2,0
102,Everest Base Camp Luxury Lodge Trek ,1499,15,8,5545.0,Hotel/Guest House,Spring/Autumn/Winter,04/02/2023,Other,29,Private Sector/Self Employed,Yes,350000,No,2016,2500,France,0.0,Cloudy,6.0,0,,Adventure,1,3.5,2,0
103,Everest Base Camp Luxury Lodge Trek ,1499,15,8,5545.0,Hotel/Guest House,Spring/Autumn/Winter,11/12/2020,Other,28,Private Sector/Self Employed,Yes,600000,No,2016,5840,Marshall,1.0,Clear,5.0,1,Poles,Leisure,0,4.0,2,0
104,Everest Base Camp Luxury Lodge Trek ,1499,15,8,5545.0,Hotel/Guest House,Spring/Autumn/Winter,01/03/2020,Male,28,Private Sector/Self Employed,Yes,1150000,No,2017,4840,Mexico,0.0,Rainy,8.0,0,,Adventure,1,3.0,2,0
105,Everest Base Camp Luxury Lodge Trek ,1499,15,8,5545.0,Hotel/Guest House,Spring/Autumn/Winter,03/12/2020,Female,27,Government Sector,Yes,900000,No,2017,8260,British,0.0,,8.0,1,,Unknown,0,,2,0
106,Everest Base Camp Luxury Lodge Trek ,1499,15,8,5545.0,Hotel/Guest House,Spring/Autumn/Winter,1/19/2020,Male,26,Private Sector/Self Employed,Yes,1500000,Yes,2017,1800,Congo Democratic Republic,2.0,Snowy,12.0,1,Oxygen,Charity,0,5.0,2,1
107,Everest Base Camp Short Trek,1295,14,5,5545.0,Hotel/Guest House,Spring/Autumn,09/04/2021,Female,31,Private Sector/Self Employed,Yes,1250000,No,2017,40,Afghanistan,0.0,,8.0,1,,Unknown,0,,2,0
108,Everest Base Camp Short Trek ,1499,14,8,5545.0,Hotel/Guest House,Spring/Autumn/Winter,05/08/2022,Female,33,Private Sector/Self Employed,Yes,1500000,Yes,2017,1700,Columbia,0.0,Cloudy,6.0,0,,Adventure,1,3.5,2,0
109,Everest Base Camp Short Trek ,1499,14,8,5545.0,Hotel/Guest House,Spring/Autumn/Winter,5/31/2020,Other,28,Private Sector/Self Employed,Yes,1100000,No,2016,2390,Georgia,0.0,Rainy,8.0,0,,Adventure,1,3.0,2,0
110,Everest Base Camp Short Trek ,1499,14,8,5545.0,Hotel/Guest House,Spring/Autumn/Winter,04/10/2021,Male,28,Private Sector/Self Employed,Yes,800000,No,2016,5660,Nigeria,1.0,Clear,10.0,1,Poles,Leisure,0,4.5,2,0
111,Everest Base Camp Short Trek ,1499,14,8,5545.0,Hotel/Guest House,Spring/Autumn/Winter,9/24/2022,Other,28,Private Sector/Self Employed,Yes,650000,No,2017,8040,Ukraine,2.0,Snowy,12.0,1,Oxygen,Charity,0,5.0,2,1
112,Everest Base Camp Short Trek ,1499,14,8,5545.0,Hotel/Guest House,Spring/Autumn/Winter,04/05/2023,Other,29,Private Sector/Self Employed,Yes,900000,Yes,2017,4700,Malta,1.0,Clear,5.0,1,Poles,Leisure,0,4.0,2,0
113,Everest Base Camp Trek,1450,16,7,5545.0,Hotel/Guest House,Spring/Autumn/Winter,3/31/2023,Other,25,Private Sector/Self Employed,Yes,1400000,No,2017,6420,Romania,1.0,Clear,5.0,1,Poles,Leisure,0,4.0,2,0
114,Everest Base Camp Trek,1420,16,5,5545.0,Hotel/Guest House,Spring/Autumn,9/13/2022,Other,31,Government Sector,Yes,400000,No,2017,0,total,1.0,Clear,10.0,1,Poles,Leisure,0,4.5,2,0
115,Everest Base Camp Trek,1450,16,7,5545.0,Hotel/Guest House,Spring/Autumn/Winter,11/15/2022,Female,31,Government Sector,Yes,1300000,No,2016,7160,Zimbabwe,0.0,,8.0,1,,Unknown,0,,2,0
116,Everest Base Camp Trek,1450,16,7,5545.0,Hotel/Guest House,Spring/Autumn/Winter,06/07/2023,Other,28,Private Sector/Self Employed,Yes,1200000,No,2016,720,Botwana,2.0,Snowy,12.0,1,Oxygen,Charity,0,5.0,2,1
117,Everest Base Camp Trek,1450,16,7,5545.0,Hotel/Guest House,Spring/Autumn/Winter,3/22/2020,Female,32,Government Sector,Yes,350000,No,2016,4080,north korea,0.0,Rainy,8.0,0,,Adventure,1,3.0,2,0
118,Everest Base Camp Trek,1450,16,7,5545.0,Hotel/Guest House,Spring/Autumn/Winter,4/28/2023,Other,28,Private Sector/Self Employed,Yes,700000,No,2017,3320,Haiti,0.0,Cloudy,6.0,0,,Adventure,1,3.5,2,0
119,Everest Base Camp Trek for Seniors,1800,20,5,5545.0,Hotel/Guest House,Spring/Autumn,10/21/2021,Other,28,Private Sector/Self Employed,Yes,700000,Yes,2017,200,Andra,0.0,Cloudy,6.0,0,,Adventure,1,3.5,2,0
120,Everest Base Camp Trek for Youths ,1750,14,8,5545.0,Hotel/Guest House,Spring/Autumn/Winter,04/07/2023,Female,30,Private Sector/Self Employed,No,800000,No,2017,4660,Mari,2.0,Snowy,12.0,1,Oxygen,Charity,0,5.0,2,1
121,Everest Base Camp Trek for Youths ,1750,14,8,5545.0,Hotel/Guest House,Spring/Autumn/Winter,09/09/2020,Male,28,Private Sector/Self Employed,Yes,500000,No,2017,8000,Uganda,0.0,Rainy,8.0,0,,Adventure,1,3.0,2,0
122,Everest Base Camp Trek for Youths ,1750,14,8,5545.0,Hotel/Guest House,Spring/Autumn/Winter,7/31/2023,Male,26,Private Sector/Self Employed,Yes,1400000,No,2016,2330,Estonia,1.0,Clear,10.0,1,Poles,Leisure,0,4.5,2,0
123,Everest Base Camp Trek for Youths ,1750,14,8,5545.0,Hotel/Guest House,Spring/Autumn/Winter,9/17/2020,Female,29,Private Sector/Self Employed,Yes,1050000,No,2016,5620,Nigail,0.0,Cloudy,6.0,0,,Adventure,1,3.5,2,0
124,Everest Base Camp Trek for Youths ,1750,14,8,5545.0,Hotel/Guest House,Spring/Autumn/Winter,8/27/2020,Female,34,Government Sector,Yes,1100000,No,2017,1580,Taiwan,1.0,Clear,5.0,1,Poles,Leisure,0,4.0,2,0
125,Everest Base Camp Trek via Gokyo Lake,1530,19,7,5545.0,Hotel/Guest House,Spring/Autumn/Winter,1/27/2022,Other,29,Private Sector/Self Employed,Yes,1200000,No,2017,6590,St. Christopher Navis,0.0,Rainy,8.0,0,,Adventure,1,3.0,4,0
126,Everest Base Camp Trek via Gokyo Lake,1530,19,7,5545.0,Hotel/Guest House,Spring/Autumn/Winter,01/01/2022,Other,31,Government Sector,No,400000,No,2017,3441,Hong Kong DI,2.0,Snowy,12.0,1,Oxygen,Charity,0,5.0,4,1
127,Everest Base Camp Trek via Gokyo Lake,1530,19,7,5545.0,Hotel/Guest House,Spring/Autumn/Winter,11/04/2022,Female,31,Private Sector/Self Employed,Yes,1250000,No,2016,900,Solomon,1.0,Clear,10.0,1,Poles,Leisure,0,4.5,4,0
128,Everest Base Camp Trek via Gokyo Lake,1530,19,7,5545.0,Hotel/Guest House,Spring/Autumn/Winter,9/18/2020,Other,28,Private Sector/Self Employed,Yes,900000,Yes,2016,7290,Sudan,1.0,Clear,5.0,1,Poles,Leisure,0,4.0,4,0
129,Everest Base Camp Trek via Gokyo Lake,1530,19,7,5545.0,Hotel/Guest House,Spring/Autumn/Winter,05/07/2021,Female,27,Private Sector/Self Employed,No,450000,No,2016,4170,Kyrgyzstan,0.0,,8.0,1,,Unknown,0,,4,0
130,Everest Base Camp Trek via Gokyo Lakes and Cho La Pass ,1499,18,8,5545.0,Hotel/Guest House,Spring/Autumn/Winter,8/31/2022,Female,29,Private Sector/Self Employed,Yes,1050000,No,2016,5850,Palao,0.0,Cloudy,6.0,0,,Adventure,1,3.5,4,0
131,Everest Base Camp Trek via Gokyo Lakes and Cho La Pass ,1499,18,8,5545.0,Hotel/Guest House,Spring/Autumn/Winter,11/19/2022,Other,27,Government Sector,Yes,850000,Yes,2016,2620,Jibuti,1.0,Clear,10.0,1,Poles,Leisure,0,4.5,4,0
132,Everest Base Camp Trek via Gokyo Lakes and Cho La Pass ,1499,18,8,5545.0,Hotel/Guest House,Spring/Autumn/Winter,5/31/2020,Other,30,Private Sector/Self Employed,No,650000,No,2017,8340,Tanzania,0.0,Rainy,8.0,0,,Adventure,1,3.0,4,0
133,Everest Base Camp Trek via Gokyo Lakes and Cho La Pass ,1499,18,8,5545.0,Hotel/Guest House,Spring/Autumn/Winter,1/17/2020,Female,31,Government Sector,Yes,400000,No,2017,4920,Monaco,2.0,Snowy,12.0,1,Oxygen,Charity,0,5.0,4,1
134,Everest Base Camp Trek via Gokyo Lakes and Cho La Pass ,1499,18,8,5545.0,Hotel/Guest House,Spring/Autumn/Winter,02/07/2022,Other,28,Private Sector/Self Employed,Yes,1200000,Yes,2017,1880,Costa Rica,1.0,Clear,5.0,1,Poles,Leisure,0,4.0,4,0
135,Everest Base Camp Trek with Chola and Renjo La Pass,1900,21,10,5545.0,Hotel/Guest House,Spring/Autumn,03/03/2022,Male,32,Government Sector,Yes,850000,No,2017,480,Barrane,2.0,Snowy,12.0,1,Oxygen,Charity,0,5.0,2,1
136,Everest Base Camp Trek ,1499,16,6,5545.0,Hotel/Guest House,Spring/Autumn/Winter,7/22/2020,Male,29,Private Sector/Self Employed,Yes,500000,No,2017,4780,Mauritania,0.0,Cloudy,6.0,0,,Adventure,1,3.5,2,0
137,Everest Base Camp Trek ,1499,16,6,5545.0,Hotel/Guest House,Spring/Autumn/Winter,10/29/2020,Other,26,Private Sector/Self Employed,Yes,750000,No,2016,2420,Fiji,2.0,Snowy,12.0,1,Oxygen,Charity,0,5.0,2,1
138,Everest Base Camp Trek ,1499,16,6,5545.0,Hotel/Guest House,Spring/Autumn/Winter,01/05/2022,Male,32,Government Sector,Yes,350000,No,2016,5780,Norway,0.0,Rainy,8.0,0,,Adventure,1,3.0,2,0
139,Everest Base Camp Trek ,1499,16,6,5545.0,Hotel/Guest House,Spring/Autumn/Winter,2/22/2021,Male,26,Government Sector,Yes,500000,No,2017,8070,Former Macedonia Yugoslavia Republic,1.0,Clear,5.0,1,Poles,Leisure,0,4.0,2,0
140,Everest Base Camp Trek ,1499,16,6,5545.0,Hotel/Guest House,Spring/Autumn/Winter,06/11/2020,Other,25,Private Sector/Self Employed,Yes,1400000,Yes,2017,1740,Komoro,1.0,Clear,10.0,1,Poles,Leisure,0,4.5,2,0
141,Everest Chola Pass Trek,1720,19,10,5545.0,Hotel/Guest House,Spring/Autumn,1/25/2022,Other,25,Private Sector/Self Employed,No,1150000,No,2017,240,Angola,1.0,Clear,10.0,1,Poles,Leisure,0,4.5,2,0
142,Everest High Passes Trek,1950,22,10,5545.0,Hotel/Guest House,,01/04/2021,Other,31,Private Sector/Self Employed,Yes,1350000,Yes,2017,310,Azerbaijan,2.0,Snowy,12.0,1,Oxygen,Charity,0,5.0,2,1
143,Everest High Passes Trek ,1499,20,8,5546.0,Hotel/Guest House,Spring/Autumn/Winter,07/08/2020,Female,31,Private Sector/Self Employed,Yes,1250000,No,2017,2180,Ecuador,0.0,,8.0,1,,Unknown,0,,2,0
144,Everest High Passes Trek ,1499,20,8,5546.0,Hotel/Guest House,Spring/Autumn/Winter,1/15/2022,Male,27,Government Sector,Yes,1050000,No,2017,9010,Kosovo,0.0,,8.0,1,,Unknown,0,,2,0
145,Everest High Passes Trek ,1499,20,8,5546.0,Hotel/Guest House,Spring/Autumn/Winter,6/29/2022,Female,32,Government Sector,Yes,800000,Yes,2017,5240,Nepal,0.0,Rainy,8.0,0,,Adventure,1,3.0,2,0
146,Everest High Passes Trek ,1499,20,8,5546.0,Hotel/Guest House,Spring/Autumn/Winter,3/24/2022,Other,32,Government Sector,Yes,850000,No,2016,3200,Guatemala,0.0,,8.0,1,,Unknown,0,,2,0
147,Everest High Passes Trek ,1499,20,8,5546.0,Hotel/Guest House,Spring/Autumn/Winter,11/26/2020,Other,31,Private Sector/Self Employed,Yes,1400000,No,2016,6240,Guinea Visau,0.0,,8.0,1,,Unknown,0,,2,0
148,Everest Kalapathar Trekking,1390,15,7,5545.0,Hotel/Guest House,Spring/Autumn/Winter,8/14/2021,Other,28,Private Sector/Self Employed,Yes,800000,No,2017,6430,Russia,0.0,Cloudy,6.0,0,,Adventure,1,3.5,2,0
149,Everest Kalapathar Trekking,1390,15,7,5545.0,Hotel/Guest House,Spring/Autumn/Winter,9/16/2020,Other,34,Private Sector/Self Employed,Yes,1300000,No,2017,3400,Honduras,1.0,Clear,10.0,1,Poles,Leisure,0,4.5,2,0
150,Everest Kalapathar Trekking,1390,15,7,5545.0,Hotel/Guest House,Spring/Autumn/Winter,3/17/2022,Other,35,Private Sector/Self Employed,No,800000,No,2016,4100,South Korea,2.0,Snowy,12.0,1,Oxygen,Charity,0,5.0,2,1
151,Everest Kalapathar Trekking,1390,15,7,5545.0,Hotel/Guest House,Spring/Autumn/Winter,3/25/2020,Other,30,Private Sector/Self Employed,No,650000,No,2016,760,Brazil,1.0,Clear,5.0,1,Poles,Leisure,0,4.0,2,0
152,Everest Kalapathar Trekking,1390,15,7,5545.0,Hotel/Guest House,Spring/Autumn/Winter,9/24/2020,Other,27,Government Sector,Yes,900000,No,2016,7240,Spain,0.0,,8.0,1,,Unknown,0,,2,0
153,Everest Kangshung Face Trek ,1499,21,9,5320.0,Hotel/Guest House,Spring/Autumn/Winter,1/18/2023,Other,34,Private Sector/Self Employed,Yes,500000,No,2016,6740,Sun Marino,2.0,Snowy,12.0,1,Oxygen,Charity,0,5.0,2,1
154,Everest Kangshung Face Trek ,1499,21,9,5320.0,Hotel/Guest House,Spring/Autumn/Winter,12/31/2020,Other,25,Private Sector/Self Employed,No,1700000,Yes,2016,310,Azerbaijan,0.0,Cloudy,6.0,0,,Adventure,1,3.5,2,0
155,Everest Kangshung Face Trek ,1499,21,9,5320.0,Hotel/Guest House,Spring/Autumn/Winter,10/11/2021,Other,32,Government Sector,Yes,800000,Yes,2017,2500,France,0.0,Rainy,8.0,0,,Adventure,1,3.0,2,0
156,Everest Kangshung Face Trek ,1499,21,9,5320.0,Hotel/Guest House,Spring/Autumn/Winter,11/29/2020,Other,26,Private Sector/Self Employed,Yes,600000,Yes,2016,3520,Iceland,1.0,Clear,5.0,1,Poles,Leisure,0,4.0,2,0
157,Everest Kangshung Face Trek ,1499,21,9,5320.0,Hotel/Guest House,Spring/Autumn/Winter,10/28/2022,Other,28,Private Sector/Self Employed,Yes,800000,No,2017,5840,Marshall,1.0,Clear,10.0,1,Poles,Leisure,0,4.5,2,0
158,Everest Panorama Trek,1040,10,2,3860.0,Hotel/Guest House,Spring/Autumn/Winter,2/21/2022,Male,31,Private Sector/Self Employed,Yes,1100000,Yes,2016,840,Belize,0.0,Cloudy,6.0,0,,Adventure,1,3.5,2,0
159,Everest Panorama Trek,1040,10,2,3860.0,Hotel/Guest House,Spring/Autumn/Winter,05/03/2022,Other,28,Private Sector/Self Employed,Yes,650000,No,2017,6460,Rwanda,1.0,Clear,10.0,1,Poles,Leisure,0,4.5,2,0
160,Everest Panorama Trek,1040,10,2,3860.0,Hotel/Guest House,Spring/Autumn/Winter,10/11/2020,Female,25,Private Sector/Self Employed,No,1700000,Yes,2016,4140,Kuwait,1.0,Clear,5.0,1,Poles,Leisure,0,4.0,2,0
161,Everest Panorama Trek,1040,10,2,3860.0,Hotel/Guest House,Spring/Autumn/Winter,5/18/2021,Female,29,Private Sector/Self Employed,Yes,350000,No,2016,7280,South Sudan,2.0,Snowy,12.0,1,Oxygen,Charity,0,5.0,2,1
162,Everest Panorama Trek,1040,10,2,3860.0,Hotel/Guest House,Spring/Autumn/Winter,3/24/2023,Other,29,Private Sector/Self Employed,Yes,1200000,No,2017,3440,China (Hong Kong),0.0,Rainy,8.0,0,,Adventure,1,3.0,2,0
163,Everest Panorama Trek,1150,10,2,3860.0,Hotel/Guest House,Spring/Autumn/Winter,1/31/2020,Female,33,Government Sector,Yes,800000,Yes,2017,360,Australia,0.0,Cloudy,6.0,0,,Adventure,1,3.5,2,0
164,Everest View Trek,1100,9,2,3860.0,Hotel/Guest House,Spring/Autumn/Winter,10/11/2020,Other,31,Government Sector,Yes,400000,No,2017,400,Austria,1.0,Clear,10.0,1,Poles,Leisure,0,4.5,2,0
165,Everest View Trek ,1499,12,4,3870.0,Hotel/Guest House,Spring/Autumn/Winter,12/07/2022,Other,31,Private Sector/Self Employed,Yes,950000,Yes,2016,6340,Qatar,1.0,Clear,10.0,1,Poles,Leisure,0,4.5,2,0
166,Everest View Trek ,1499,12,4,3870.0,Hotel/Guest House,Spring/Autumn/Winter,08/07/2023,Female,28,Private Sector/Self Employed,Yes,600000,No,2016,0,total,2.0,Snowy,12.0,1,Oxygen,Charity,0,5.0,2,1
167,Everest View Trek ,1499,12,4,3870.0,Hotel/Guest House,Spring/Autumn/Winter,1/21/2021,Female,29,Private Sector/Self Employed,Yes,1200000,No,2017,2260,Equatorial guinea,0.0,Cloudy,6.0,0,,Adventure,1,3.5,2,0
168,Everest View Trek ,1499,12,4,3870.0,Hotel/Guest House,Spring/Autumn/Winter,07/06/2020,Female,29,Private Sector/Self Employed,Yes,1050000,No,2016,3280,Gaiana,0.0,Rainy,8.0,0,,Adventure,1,3.0,2,0
169,Everest View Trek ,1499,12,4,3870.0,Hotel/Guest House,Spring/Autumn/Winter,12/02/2021,Other,31,Private Sector/Self Employed,Yes,1350000,No,2017,5480,Vanuatsu,1.0,Clear,5.0,1,Poles,Leisure,0,4.0,2,0
170,Ghorepani Poon Hill Trek,450,10,1,3210.0,Hotel/Guest House,Spring/Autumn/Winter,03/08/2023,Other,28,Private Sector/Self Employed,Yes,1250000,No,2017,3600,Indonesia,2.0,Snowy,12.0,1,Oxygen,Charity,0,5.0,3,1
171,Ghorepani Poon Hill Trek,450,10,1,3210.0,Hotel/Guest House,Spring/Autumn/Winter,12/21/2022,Other,34,Private Sector/Self Employed,Yes,1050000,No,2016,4300,Liberia,0.0,Cloudy,6.0,0,,Adventure,1,3.5,3,0
172,Ghorepani Poon Hill Trek,450,10,1,3210.0,Hotel/Guest House,Spring/Autumn/Winter,4/26/2020,Male,29,Private Sector/Self Employed,Yes,900000,Yes,2016,1120,Belarus,1.0,Clear,10.0,1,Poles,Leisure,0,4.5,3,1
173,Ghorepani Poon Hill Trek,450,10,1,3210.0,Hotel/Guest House,Spring/Autumn/Winter,08/09/2022,Male,25,Private Sector/Self Employed,Yes,1700000,Yes,2016,7600,Syria,1.0,Clear,5.0,1,Poles,Leisure,0,4.0,3,1
174,Ghorepani Poon Hill Trek,450,10,1,3210.0,Hotel/Guest House,Spring/Autumn/Winter,8/22/2021,Female,28,Private Sector/Self Employed,Yes,900000,Yes,2017,6820,Saudi Arabia,0.0,Rainy,8.0,0,,Adventure,1,3.0,3,0
175,Gokyo Lake Renjo La Pass Trek,1450,16,5,5360.0,Hotel/Guest House,Spring/Autumn,08/07/2022,Male,31,Government Sector,Yes,1300000,No,2017,280,Antigua Berbuda,0.0,,8.0,1,,Unknown,0,,4,0
176,Gokyo Lake Trek,1190,13,5,5357.0,Hotel/Guest House,Spring/Autumn/Winter,4/17/2020,Other,32,Government Sector,Yes,900000,No,2016,4180,Laos,1.0,Clear,10.0,1,Poles,Leisure,0,4.5,4,0
177,Gokyo Lake Trek,1190,13,5,5357.0,Hotel/Guest House,Spring/Autumn/Winter,6/13/2020,Male,34,Government Sector,Yes,1300000,No,2016,960,Brunei,0.0,Rainy,8.0,0,,Adventure,1,3.0,4,0
178,Gokyo Lake Trek,1190,13,5,5357.0,Hotel/Guest House,Spring/Autumn/Winter,07/09/2020,Female,31,Government Sector,Yes,1300000,No,2017,3442,Hong Kong SAR,1.0,Clear,5.0,1,Poles,Leisure,0,4.0,4,0
179,Gokyo Lake Trek,1190,13,5,5357.0,Hotel/Guest House,Spring/Autumn/Winter,12/07/2021,Male,28,Private Sector/Self Employed,Yes,1200000,Yes,2017,6620,St. Lucia,2.0,Snowy,12.0,1,Oxygen,Charity,0,5.0,4,1
180,Gokyo Lake Trek,1190,13,5,5357.0,Hotel/Guest House,Spring/Autumn/Winter,04/10/2022,Other,28,Government Sector,Yes,600000,No,2016,7400,Slinum,0.0,Cloudy,6.0,0,,Adventure,1,3.5,4,0
181,Gokyo Lakes and Gokyo Ri Trek ,1499,14,6,5357.0,Hotel/Guest House,Spring/Autumn/Winter,3/24/2020,Female,34,Private Sector/Self Employed,Yes,500000,No,2016,2750,Palestine,1.0,Clear,5.0,1,Poles,Leisure,0,4.0,4,0
182,Gokyo Lakes and Gokyo Ri Trek ,1499,14,6,5357.0,Hotel/Guest House,Spring/Autumn/Winter,03/04/2023,Other,33,Government Sector,Yes,1100000,No,2017,8580,Uruguay,0.0,Cloudy,6.0,0,,Adventure,1,3.5,4,0
183,Gokyo Lakes and Gokyo Ri Trek ,1499,14,6,5357.0,Hotel/Guest House,Spring/Autumn/Winter,7/19/2022,Other,28,Private Sector/Self Employed,Yes,800000,No,2017,4990,Montenegro,1.0,Clear,10.0,1,Poles,Leisure,0,4.5,4,0
184,Gokyo Lakes and Gokyo Ri Trek ,1499,14,6,5357.0,Hotel/Guest House,Spring/Autumn/Winter,5/23/2023,Female,25,Private Sector/Self Employed,Yes,1400000,No,2017,1960,Cyprus,0.0,Rainy,8.0,0,,Adventure,1,3.0,4,0
185,Gokyo Lakes and Gokyo Ri Trek ,1499,14,6,5357.0,Hotel/Guest House,Spring/Autumn/Winter,4/24/2023,Female,28,Private Sector/Self Employed,Yes,1100000,No,2016,5980,Papua New Guinea,2.0,Snowy,12.0,1,Oxygen,Charity,0,5.0,4,1
186,Helambu Trek,780,9,1,3650.0,Hotel/Guest House,Spring/Autumn/Winter,9/20/2021,Other,29,Private Sector/Self Employed,Yes,900000,Yes,2016,2310,Ethiopia,1.0,Clear,5.0,1,Poles,Leisure,0,4.0,5,1
187,Helambu Trek,780,9,1,3650.0,Hotel/Guest House,Spring/Autumn/Winter,1/24/2020,Male,31,Government Sector,No,300000,No,2017,1520,Chile,0.0,Rainy,8.0,0,,Adventure,1,3.0,5,0
188,Helambu Trek,780,9,1,3650.0,Hotel/Guest House,Spring/Autumn/Winter,1/25/2020,Other,31,Private Sector/Self Employed,Yes,1650000,Yes,2016,5540,new zealand,2.0,Snowy,12.0,1,Oxygen,Charity,0,5.0,5,1
189,Helambu Trek,780,9,1,3650.0,Hotel/Guest House,Spring/Autumn/Winter,06/10/2022,Male,31,Government Sector,Yes,400000,No,2017,4580,Malaysia,1.0,Clear,10.0,1,Poles,Leisure,0,4.5,5,1
190,Helambu Trek,780,9,1,3650.0,Hotel/Guest House,Spring/Autumn/Winter,6/17/2023,Other,25,Government Sector,Yes,750000,No,2017,7950,Torque menistan,0.0,Cloudy,6.0,0,,Adventure,1,3.5,5,0
191,Instant Annapurna Base Camp Trek,980,9,5,4230.0,Hotel/Guest House,Spring/Autumn,10/01/2022,Male,32,Government Sector,Yes,350000,No,2017,7040,Vietnam,1.0,Clear,5.0,1,Poles,Leisure,0,4.0,1,1
192,Instant Annapurna Base Camp Trek,980,9,5,4230.0,Hotel/Guest House,Spring/Autumn,12/18/2022,Other,34,Private Sector/Self Employed,Yes,1500000,Yes,2016,4500,Madagascar,0.0,Rainy,8.0,0,,Adventure,1,3.0,1,0
193,Instant Annapurna Base Camp Trek,980,9,5,4230.0,Hotel/Guest House,Spring/Autumn,11/22/2022,Male,28,Government Sector,Yes,300000,No,2017,3880,Jamaica,0.0,Cloudy,6.0,0,,Adventure,1,3.5,1,0
194,Instant Annapurna Base Camp Trek,980,9,5,4230.0,Hotel/Guest House,Spring/Autumn,8/21/2023,Male,34,Private Sector/Self Employed,Yes,700000,No,2017,520,Barbados,1.0,Clear,10.0,1,Poles,Leisure,0,4.5,1,1
195,Instant Annapurna Base Camp Trek,980,9,5,4230.0,Hotel/Guest House,Spring/Autumn,11/30/2022,Male,30,Private Sector/Self Employed,No,500000,No,2016,1480,Chad,2.0,Snowy,12.0,1,Oxygen,Charity,0,5.0,1,1
196,Kanchenjunga Circuit Trek ,1499,25,8,5143.0,Hotel/Guest House,Spring/Autumn/Winter,10/15/2021,Other,28,Government Sector,Yes,300000,No,2017,2220,El Salvador,1.0,Clear,5.0,1,Poles,Leisure,0,4.0,6,0
197,Kanchenjunga Circuit Trek ,1499,25,8,5143.0,Hotel/Guest House,Spring/Autumn/Winter,10/27/2022,Female,26,Private Sector/Self Employed,Yes,1400000,No,2016,3240,Guinea,1.0,Clear,10.0,1,Poles,Leisure,0,4.5,6,0
198,Kanchenjunga Circuit Trek ,1499,25,8,5143.0,Hotel/Guest House,Spring/Autumn/Winter,07/04/2022,Female,28,Private Sector/Self Employed,Yes,500000,No,2016,6260,East Timor Democratic Republic,0.0,Cloudy,6.0,0,,Adventure,1,3.5,6,0
199,Kanchenjunga Circuit Trek ,1499,25,8,5143.0,Hotel/Guest House,Spring/Autumn/Winter,10/10/2022,Male,31,Private Sector/Self Employed,Yes,1400000,No,2017,9990,others,0.0,Rainy,8.0,0,,Adventure,1,3.0,6,0
200,Kanchenjunga Circuit Trek ,1499,25,8,5143.0,Hotel/Guest House,Spring/Autumn/Winter,11/01/2020,Other,27,Government Sector,Yes,750000,No,2017,5280,Netherlands,2.0,Snowy,12.0,1,Oxygen,Charity,0,5.0,6,1
206,Langtang Gosaikunda Trek,1180,16,2,4600.0,Hotel/Guest House,Spring/Autumn,01/04/2020,Other,34,Private Sector/Self Employed,Yes,1500000,Yes,2016,2180,Ecuador,1.0,Clear,10.0,1,Poles,Leisure,0,4.5,7,1
207,Langtang Gosaikunda Trek,1180,16,2,4600.0,Hotel/Guest House,Spring/Autumn,03/01/2023,Female,26,Private Sector/Self Employed,Yes,1300000,No,2017,7840,United Arab Emirates,0.0,Rainy,8.0,0,,Adventure,1,3.0,7,0
208,Langtang Gosaikunda Trek,1180,16,2,4600.0,Hotel/Guest House,Spring/Autumn,07/07/2021,Male,34,Private Sector/Self Employed,Yes,850000,No,2017,4461,Macau travel certificate,2.0,Snowy,12.0,1,Oxygen,Charity,0,5.0,7,1
209,Langtang Gosaikunda Trek,1180,16,2,4600.0,Hotel/Guest House,Spring/Autumn,6/20/2020,Male,28,Private Sector/Self Employed,Yes,1100000,No,2016,5240,Nepal,0.0,Cloudy,6.0,0,,Adventure,1,3.5,7,0
210,Langtang Gosaikunda Trek,1180,16,2,4600.0,Hotel/Guest House,Spring/Autumn,04/11/2022,Male,32,Government Sector,Yes,850000,No,2017,1400,Central Africa,1.0,Clear,5.0,1,Poles,Leisure,0,4.0,7,1
211,Langtang Valley Trek,750,10,2,5050.0,Hotel/Teahouse,Spring/Autumn,6/19/2023,Other,28,Government Sector,Yes,1200000,No,2016,2140,dominican republic,0.0,Cloudy,6.0,0,,Adventure,1,3.5,7,0
212,Langtang Valley Trek,750,10,2,5050.0,Hotel/Teahouse,Spring/Autumn,06/05/2021,Other,28,Private Sector/Self Employed,Yes,750000,Yes,2017,7800,Republic of Trinidad and Tobago,1.0,Clear,10.0,1,Poles,Leisure,0,4.5,7,1
213,Langtang Valley Trek,750,10,2,5050.0,Hotel/Teahouse,Spring/Autumn,8/20/2022,Female,34,Private Sector/Self Employed,Yes,700000,Yes,2016,5200,Naure,1.0,Clear,5.0,1,Poles,Leisure,0,4.0,7,1
214,Langtang Valley Trek,750,10,2,5050.0,Hotel/Teahouse,Spring/Autumn,01/04/2022,Male,34,Private Sector/Self Employed,Yes,1300000,No,2017,4460,Macau,0.0,Rainy,8.0,0,,Adventure,1,3.0,7,0
215,Langtang Valley Trek,750,10,2,5050.0,Hotel/Teahouse,Spring/Autumn,10/21/2021,Female,25,Government Sector,Yes,750000,No,2017,1320,Carbo verde,2.0,Snowy,12.0,1,Oxygen,Charity,0,5.0,7,1
216,Langtang Valley Trek with Ganja la Pass ,1499,14,9,5122.0,Hotel/Guest House,Spring/Autumn/Winter,05/08/2023,Other,25,Private Sector/Self Employed,Yes,1400000,No,2017,6040,Peru,0.0,Rainy,8.0,0,,Adventure,1,3.0,7,0
217,Langtang Valley Trek with Ganja la Pass ,1499,14,9,5122.0,Hotel/Guest House,Spring/Autumn/Winter,4/27/2021,Male,34,Private Sector/Self Employed,Yes,1500000,Yes,2017,2880,Ghana,2.0,Snowy,12.0,1,Oxygen,Charity,0,5.0,7,1
218,Langtang Valley Trek with Ganja la Pass ,1499,14,9,5122.0,Hotel/Guest House,Spring/Autumn/Winter,3/15/2022,Male,33,Government Sector,Yes,1100000,No,2016,500,Bangladesh,1.0,Clear,10.0,1,Poles,Leisure,0,4.5,7,1
219,Langtang Valley Trek with Ganja la Pass ,1499,14,9,5122.0,Hotel/Guest House,Spring/Autumn/Winter,5/25/2021,Other,26,Private Sector/Self Employed,Yes,500000,No,2016,3760,Israel,0.0,Cloudy,6.0,0,,Adventure,1,3.5,7,0
220,Langtang Valley Trek with Ganja la Pass ,1499,14,9,5122.0,Hotel/Guest House,Spring/Autumn/Winter,09/04/2021,Female,34,Government Sector,Yes,1300000,No,2016,6940,Sierra Leone,1.0,Clear,5.0,1,Poles,Leisure,0,4.0,7,1
221,Langtang Valley Trekking,690,11,5,4773.0,Hotel/Guest House,Spring/Autumn/Winter,7/16/2022,Other,31,Government Sector,Yes,1200000,No,2016,1240,Canada,0.0,,8.0,1,,Unknown,0,,7,0
222,Langtang Valley Trekking,690,11,5,4773.0,Hotel/Guest House,Spring/Autumn/Winter,02/05/2022,Male,27,Government Sector,Yes,900000,No,2017,6900,Saechel,0.0,Cloudy,6.0,0,,Adventure,1,3.5,7,0
223,Langtang Valley Trekking,690,11,5,4773.0,Hotel/Guest House,Spring/Autumn/Winter,08/11/2023,Other,28,Private Sector/Self Employed,Yes,1150000,No,2016,4400,Lithuania,0.0,,8.0,1,,Unknown,0,,7,0
224,Langtang Valley Trekking,690,11,5,4773.0,Hotel/Guest House,Spring/Autumn/Winter,1/17/2023,Female,25,Private Sector/Self Employed,No,1700000,Yes,2017,3720,Ireland,1.0,Clear,10.0,1,Poles,Leisure,0,4.5,7,1
225,Langtang Valley Trekking,690,11,5,4773.0,Hotel/Guest House,Spring/Autumn/Winter,1/13/2021,Female,29,Private Sector/Self Employed,Yes,1200000,No,2016,7680,Togo,0.0,Rainy,8.0,0,,Adventure,1,3.0,7,0
226,Langtang Valley Trek ,1499,11,6,5000.0,Hotel/Guest House,Spring/Autumn/Winter,01/02/2023,Male,35,Government Sector,Yes,900000,No,2016,2960,Kiribass,0.0,Rainy,8.0,0,,Adventure,1,3.0,7,0
227,Langtang Valley Trek ,1499,11,6,5000.0,Hotel/Guest House,Spring/Autumn/Winter,04/11/2022,Other,29,Private Sector/Self Employed,Yes,1150000,Yes,2017,8820,Samoa Independent State,2.0,Snowy,12.0,1,Oxygen,Charity,0,5.0,7,1
228,Langtang Valley Trek ,1499,11,6,5000.0,Hotel/Guest House,Spring/Autumn/Winter,06/11/2022,Other,29,Private Sector/Self Employed,Yes,1200000,No,2016,6080,Philippines,1.0,Clear,10.0,1,Poles,Leisure,0,4.5,7,1
229,Langtang Valley Trek ,1499,11,6,5000.0,Hotel/Guest House,Spring/Autumn/Winter,09/10/2021,Female,31,Private Sector/Self Employed,Yes,1350000,No,2017,2080,Denmark,0.0,Cloudy,6.0,0,,Adventure,1,3.5,7,0
230,Langtang Valley Trek ,1499,11,6,5000.0,Hotel/Guest House,Spring/Autumn/Winter,6/16/2021,Other,27,Government Sector,Yes,850000,No,2017,5120,Oman,1.0,Clear,5.0,1,Poles,Leisure,0,4.0,7,1
231,"Langtang, Gosainkunda and Helambu Trek ",1499,17,5,5000.0,Hotel/Guest House,Spring/Autumn/Winter,03/03/2021,Female,25,Private Sector/Self Employed,No,1150000,No,2016,200,Andra,0.0,Rainy,8.0,0,,Adventure,1,3.0,7,0
232,"Langtang, Gosainkunda and Helambu Trek ",1499,17,5,5000.0,Hotel/Guest House,Spring/Autumn/Winter,6/14/2022,Other,32,Government Sector,Yes,800000,Yes,2016,3441,Hong Kong DI,1.0,Clear,10.0,1,Poles,Leisure,0,4.5,7,1
233,"Langtang, Gosainkunda and Helambu Trek ",1499,17,5,5000.0,Hotel/Guest House,Spring/Autumn/Winter,5/13/2022,Other,25,Private Sector/Self Employed,No,1150000,No,2016,6590,St. Christopher Navis,0.0,,8.0,1,,Unknown,0,,7,0
234,"Langtang, Gosainkunda and Helambu Trek ",1499,17,5,5000.0,Hotel/Guest House,Spring/Autumn/Winter,01/01/2021,Male,33,Private Sector/Self Employed,Yes,1400000,Yes,2017,2390,Georgia,1.0,Clear,5.0,1,Poles,Leisure,0,4.0,7,1
235,"Langtang, Gosainkunda and Helambu Trek ",1499,17,5,5000.0,Hotel/Guest House,Spring/Autumn/Winter,10/09/2020,Female,28,Private Sector/Self Employed,Yes,1100000,No,2017,5660,Nigeria,2.0,Snowy,12.0,1,Oxygen,Charity,0,5.0,7,1
236,Luxury Everest Base Camp Heli Trek,4200,11,5,5545.0,Hotel/Teahouse,Spring/Autumn,11/14/2020,Other,26,Private Sector/Self Employed,Yes,1400000,Yes,2017,440,Bahamas,0.0,Rainy,8.0,0,,Adventure,1,3.0,2,0
237,Makalu Base Camp Trek ,1499,22,9,4870.0,Hotel/Guest House,Spring/Autumn/Winter,9/20/2020,Other,34,Private Sector/Self Employed,Yes,1000000,No,2017,2330,Estonia,2.0,Snowy,12.0,1,Oxygen,Charity,0,5.0,8,1
238,Makalu Base Camp Trek ,1499,22,9,4870.0,Hotel/Guest House,Spring/Autumn/Winter,12/29/2021,Other,32,Government Sector,Yes,350000,No,2016,3440,China (Hong Kong),0.0,Cloudy,6.0,0,,Adventure,1,3.5,8,0
239,Makalu Base Camp Trek ,1499,22,9,4870.0,Hotel/Guest House,Spring/Autumn/Winter,7/14/2020,Other,28,Private Sector/Self Employed,Yes,750000,No,2017,5620,Nigail,0.0,Rainy,8.0,0,,Adventure,1,3.0,8,0
240,Makalu Base Camp Trek ,1499,22,9,4870.0,Hotel/Guest House,Spring/Autumn/Winter,07/06/2023,Female,31,Government Sector,No,300000,No,2016,6460,Rwanda,1.0,Clear,5.0,1,Poles,Leisure,0,4.0,8,0
241,Makalu Base Camp Trek ,1499,22,9,4870.0,Hotel/Guest House,Spring/Autumn/Winter,12/11/2022,Male,29,Private Sector/Self Employed,Yes,1150000,No,2016,120,Algeria,1.0,Clear,10.0,1,Poles,Leisure,0,4.5,8,0
242,Manaslu Circuit Trek,1450,15,10,5106.0,Hotel/Guest House,Spring/Autumn,07/02/2021,Male,34,Government Sector,Yes,1300000,No,2016,1920,Cuba,1.0,Clear,5.0,1,Poles,Leisure,0,4.0,9,0
243,Manaslu Circuit Trek,1190,17,7,5220.0,Hotel/Guest House,Spring/Autumn/Winter,05/12/2023,Female,34,Private Sector/Self Employed,Yes,1000000,No,2016,4420,Luxembourg,0.0,,8.0,1,,Unknown,0,,9,0
244,Manaslu Circuit Trek,1190,17,7,5220.0,Hotel/Guest House,Spring/Autumn/Winter,5/13/2025,Female,31,Private Sector/Self Employed,No,1400000,Yes,5460,4560,Nepal,2.0,Snowy,12.0,1,Oxygen,Charity,0,5.0,9,1
245,Manaslu Circuit Trek,1190,17,7,5220.0,Hotel/Guest House,Spring/Autumn/Winter,10/24/2022,Female,31,Government Sector,Yes,1200000,No,2017,6940,Sierra Leone,1.0,Clear,10.0,1,Poles,Leisure,0,4.5,9,0
246,Manaslu Circuit Trek,1450,15,10,5106.0,Hotel/Guest House,Spring/Autumn,8/17/2020,Other,34,Private Sector/Self Employed,Yes,700000,Yes,2017,7560,Switzerland,0.0,Cloudy,6.0,0,,Adventure,1,3.5,9,0
247,Manaslu Circuit Trek,1190,17,7,5220.0,Hotel/Guest House,Spring/Autumn/Winter,2/26/2022,Female,34,Private Sector/Self Employed,Yes,1300000,No,2016,1320,Carbo verde,0.0,Cloudy,6.0,0,,Adventure,1,3.5,9,0
248,Manaslu Circuit Trek,1450,15,10,5106.0,Hotel/Guest House,Spring/Autumn,11/24/2020,Female,28,Private Sector/Self Employed,Yes,750000,No,2016,4980,Moldoba,2.0,Snowy,12.0,1,Oxygen,Charity,0,5.0,9,1
249,Manaslu Circuit Trek,1190,17,7,5220.0,Hotel/Guest House,Spring/Autumn/Winter,01/11/2023,Male,32,Government Sector,Yes,900000,No,2017,3760,Israel,0.0,Rainy,8.0,0,,Adventure,1,3.0,9,0
250,Manaslu Circuit Trek,1450,15,10,5106.0,Hotel/Guest House,Spring/Autumn,09/07/2021,Male,28,Private Sector/Self Employed,Yes,1300000,No,2017,4280,Latvia,1.0,Clear,10.0,1,Poles,Leisure,0,4.5,9,0
251,Manaslu Circuit Trek,1450,15,10,5106.0,Hotel/Guest House,Spring/Autumn,04/01/2023,Male,34,Private Sector/Self Employed,No,1300000,Yes,2017,1040,Myanmar,0.0,Rainy,8.0,0,,Adventure,1,3.0,9,0
252,Manaslu Circuit Trekking,1380,14,5,5220.0,Hotel/Teahouse,Spring/Autumn,10/06/2020,Other,28,Private Sector/Self Employed,Yes,1250000,Yes,2017,1080,Brush,2.0,Snowy,12.0,1,Oxygen,Charity,0,5.0,9,1
253,Manaslu Circuit Trekking,1380,14,5,5220.0,Hotel/Teahouse,Spring/Autumn,8/30/2021,Male,28,Private Sector/Self Employed,Yes,1150000,No,2016,1960,Cyprus,0.0,Cloudy,6.0,0,,Adventure,1,3.5,9,0
254,Manaslu Circuit Trekking,1380,14,5,5220.0,Hotel/Teahouse,Spring/Autumn,1/20/2023,Other,30,Private Sector/Self Employed,No,800000,No,2017,7600,Syria,1.0,Clear,10.0,1,Poles,Leisure,0,4.5,9,0
255,Manaslu Circuit Trekking,1380,14,5,5220.0,Hotel/Teahouse,Spring/Autumn,8/18/2021,Other,33,Private Sector/Self Employed,Yes,1500000,Yes,2017,4300,Liberia,0.0,Rainy,8.0,0,,Adventure,1,3.0,9,0
256,Manaslu Circuit Trekking,1380,14,5,5220.0,Hotel/Teahouse,Spring/Autumn,9/18/2021,Male,33,Private Sector/Self Employed,Yes,1400000,No,2016,4990,Montenegro,1.0,Clear,5.0,1,Poles,Leisure,0,4.0,9,0
257,Manaslu Circuit Trek ,1499,18,8,5160.0,Hotel/Guest House,Spring/Autumn/Winter,8/28/2020,Other,32,Government Sector,Yes,800000,No,2017,5080,Mozambique,2.0,Snowy,12.0,1,Oxygen,Charity,0,5.0,9,1
258,Manaslu Circuit Trek ,1499,18,8,5160.0,Hotel/Guest House,Spring/Autumn/Winter,1/28/2023,Male,34,Government Sector,Yes,1300000,No,2016,2880,Ghana,1.0,Clear,10.0,1,Poles,Leisure,0,4.5,9,0
259,Manaslu Circuit Trek ,1499,18,8,5160.0,Hotel/Guest House,Spring/Autumn/Winter,10/05/2020,Other,34,Private Sector/Self Employed,Yes,1000000,No,2017,8620,Venezuela,0.0,Rainy,8.0,0,,Adventure,1,3.0,9,0
260,Manaslu Circuit Trek ,1499,18,8,5160.0,Hotel/Guest House,Spring/Autumn/Winter,12/07/2021,Male,32,Government Sector,Yes,800000,Yes,2016,6040,Peru,0.0,Cloudy,6.0,0,,Adventure,1,3.5,9,0
261,Manaslu Circuit Trek ,1499,18,8,5160.0,Hotel/Guest House,Spring/Autumn/Winter,3/26/2020,Other,28,Private Sector/Self Employed,Yes,600000,No,2017,2040,Benan,1.0,Clear,5.0,1,Poles,Leisure,0,4.0,9,0
262,Manaslu and Annapurna Trek with Tilicho Lake ,1499,25,8,5416.0,Hotel/Guest House,Spring/Autumn/Winter,3/17/2020,Other,26,Private Sector/Self Employed,Yes,1300000,No,2017,6160,Poland,1.0,Clear,5.0,1,Poles,Leisure,0,4.0,9,0
263,Manaslu and Annapurna Trek with Tilicho Lake ,1499,25,8,5416.0,Hotel/Guest House,Spring/Autumn/Winter,5/18/2020,Other,34,Private Sector/Self Employed,Yes,1300000,Yes,2016,3840,Court Jiboire,0.0,Rainy,8.0,0,,Adventure,1,3.0,9,0
264,Manaslu and Annapurna Trek with Tilicho Lake ,1499,25,8,5416.0,Hotel/Guest House,Spring/Autumn/Winter,4/18/2021,Female,31,Government Sector,No,300000,No,2017,3000,Greece,0.0,Cloudy,6.0,0,,Adventure,1,3.5,9,0
265,Manaslu and Annapurna Trek with Tilicho Lake ,1499,25,8,5416.0,Hotel/Guest House,Spring/Autumn/Winter,05/05/2022,Other,28,Private Sector/Self Employed,Yes,800000,No,2016,520,Barbados,2.0,Snowy,12.0,1,Oxygen,Charity,0,5.0,9,1
266,Manaslu and Annapurna Trek with Tilicho Lake ,1499,25,8,5416.0,Hotel/Guest House,Spring/Autumn/Winter,08/03/2023,Other,25,Private Sector/Self Employed,No,1700000,Yes,2016,7030,Slovakia,1.0,Clear,10.0,1,Poles,Leisure,0,4.5,9,0
267,Mardi Himal Trek,590,9,2,4500.0,Hotel/Guest House,Spring/Autumn/Winter,5/25/2020,Male,28,Private Sector/Self Employed,Yes,1250000,No,2016,1200,Cameroon,2.0,Snowy,12.0,1,Oxygen,Charity,0,5.0,10,1
268,Mardi Himal Trek,590,9,2,4500.0,Hotel/Guest House,Spring/Autumn/Winter,05/04/2021,Other,28,Private Sector/Self Employed,Yes,1200000,No,2016,7640,Thailand,1.0,Clear,10.0,1,Poles,Leisure,0,4.5,10,1
269,Mardi Himal Trek,590,9,2,4500.0,Hotel/Guest House,Spring/Autumn/Winter,09/06/2022,Female,31,Private Sector/Self Employed,Yes,1250000,Yes,2017,6880,Serbia,1.0,Clear,5.0,1,Poles,Leisure,0,4.0,10,1
270,Mardi Himal Trek,850,9,2,4200.0,Hotel/Guest House,Spring/Autumn,12/31/2021,Other,33,Government Sector,Yes,1000000,No,2017,7060,Somalia,1.0,Clear,10.0,1,Poles,Leisure,0,4.5,10,1
271,Mardi Himal Trek,850,9,2,4200.0,Hotel/Guest House,Spring/Autumn,09/04/2022,Other,26,Private Sector/Self Employed,Yes,1250000,No,2016,1560,China,0.0,Cloudy,6.0,0,,Adventure,1,3.5,10,0
272,Mardi Himal Trek,850,9,2,4200.0,Hotel/Guest House,Spring/Autumn,1/28/2020,Male,25,Private Sector/Self Employed,No,1150000,No,2016,4580,Malaysia,1.0,Clear,5.0,1,Poles,Leisure,0,4.0,10,1
273,Mardi Himal Trek,590,9,2,4500.0,Hotel/Guest House,Spring/Autumn/Winter,05/09/2021,Female,32,Government Sector,Yes,350000,No,2017,3680,Iraq,0.0,Cloudy,6.0,0,,Adventure,1,3.5,10,0
274,Mardi Himal Trek,590,9,2,4500.0,Hotel/Guest House,Spring/Autumn/Winter,04/05/2023,Female,33,Government Sector,Yes,650000,No,2016,4380,Liechtenstein,0.0,Rainy,8.0,0,,Adventure,1,3.0,10,0
275,Mardi Himal Trek,850,9,2,4200.0,Hotel/Guest House,Spring/Autumn,4/15/2022,Other,28,Government Sector,Yes,300000,No,2017,4000,Jordan,0.0,Rainy,8.0,0,,Adventure,1,3.0,10,0
276,Mardi Himal Trek,850,9,2,4200.0,Hotel/Guest House,Spring/Autumn,6/16/2022,Male,28,Private Sector/Self Employed,Yes,800000,No,2017,640,Bhutan,2.0,Snowy,12.0,1,Oxygen,Charity,0,5.0,10,1
277,Mardi Himal Trekking,850,8,2,4200.0,Hotel/Guest House,Spring/Autumn,12/15/2021,Other,29,Private Sector/Self Employed,Yes,1050000,No,2017,680,Bolivia,1.0,Clear,5.0,1,Poles,Leisure,0,4.0,10,1
278,Mardi Himal Trekking,850,8,2,4200.0,Hotel/Guest House,Spring/Autumn,08/01/2023,Male,28,Private Sector/Self Employed,Yes,800000,No,2017,7100,Republic of South Africa,0.0,Rainy,8.0,0,,Adventure,1,3.0,10,0
279,Mardi Himal Trekking,850,8,2,4200.0,Hotel/Guest House,Spring/Autumn,02/04/2022,Other,27,Private Sector/Self Employed,No,350000,No,2016,1580,Taiwan,0.0,,8.0,1,,Unknown,0,,10,0
280,Mardi Himal Trekking,850,8,2,4200.0,Hotel/Guest House,Spring/Autumn,1/24/2022,Other,26,Private Sector/Self Employed,Yes,1400000,No,2016,4620,Maldives,0.0,Cloudy,6.0,0,,Adventure,1,3.5,10,0
281,Mardi Himal Trekking,850,8,2,4200.0,Hotel/Guest House,Spring/Autumn,04/11/2022,Other,28,Private Sector/Self Employed,Yes,1150000,No,2017,4040,Kenya,2.0,Snowy,12.0,1,Oxygen,Charity,0,5.0,10,1
282,Mardi Himal Trek ,1499,10,5,3540.0,Hotel/Guest House,Spring/Autumn/Winter,1/23/2021,Other,27,Private Sector/Self Employed,No,800000,No,2016,2760,Germany,0.0,Cloudy,6.0,0,,Adventure,1,3.5,10,0
283,Mardi Himal Trek ,1499,10,5,3540.0,Hotel/Guest House,Spring/Autumn/Winter,05/10/2022,Other,26,Private Sector/Self Employed,Yes,1400000,No,2017,5040,Morocco,0.0,Rainy,8.0,0,,Adventure,1,3.0,10,0
284,Mardi Himal Trek ,1499,10,5,3540.0,Hotel/Guest House,Spring/Autumn/Winter,11/27/2021,Other,25,Private Sector/Self Employed,Yes,1400000,Yes,2017,8600,Uzbekistan,1.0,Clear,10.0,1,Poles,Leisure,0,4.5,10,1
285,Mardi Himal Trek ,1499,10,5,3540.0,Hotel/Guest House,Spring/Autumn/Winter,11/03/2020,Female,35,Government Sector,Yes,1100000,No,2017,2030,Czech Republic,2.0,Snowy,12.0,1,Oxygen,Charity,0,5.0,10,1
286,Mardi Himal Trek ,1499,10,5,3540.0,Hotel/Guest House,Spring/Autumn/Winter,07/09/2021,Other,28,Private Sector/Self Employed,Yes,1250000,No,2016,6000,Paraguay,0.0,,8.0,1,,Unknown,0,,10,0
302,Nepal Trekking and Everest Himalaya Heli Tour ,1499,7,5,5545.0,Hotel/Guest House,Spring/Autumn/Winter,4/13/2022,Male,26,Private Sector/Self Employed,Yes,1500000,Yes,2016,560,Belgium,1.0,Clear,5.0,1,Poles,Leisure,0,4.0,2,0
303,Nepal Trekking and Everest Himalaya Heli Tour ,1499,7,5,5545.0,Hotel/Guest House,Spring/Autumn/Winter,12/02/2021,Other,34,Government Sector,Yes,1300000,No,2017,3080,Grenada,1.0,Clear,10.0,1,Poles,Leisure,0,4.5,2,0
304,Nepal Trekking and Everest Himalaya Heli Tour ,1499,7,5,5545.0,Hotel/Guest House,Spring/Autumn/Winter,9/20/2020,Male,31,Private Sector/Self Employed,Yes,1250000,No,2017,6200,Portugal,0.0,Cloudy,6.0,0,,Adventure,1,3.5,2,0
305,Nepal Trekking and Everest Himalaya Heli Tour ,1499,7,5,5545.0,Hotel/Guest House,Spring/Autumn/Winter,2/21/2022,Male,28,Government Sector,Yes,300000,No,2016,7040,Vietnam,0.0,,8.0,1,,Unknown,0,,2,0
306,Nepal Trekking and Everest Himalaya Heli Tour ,1499,7,5,5545.0,Hotel/Guest House,Spring/Autumn/Winter,3/18/2022,Female,27,Government Sector,Yes,850000,No,2016,3880,Jamaica,2.0,Snowy,12.0,1,Oxygen,Charity,0,5.0,2,1
307,Rara Lake Trek ,1499,15,5,3055.0,Hotel/Guest House,Spring/Autumn/Winter,5/29/2022,Female,34,Private Sector/Self Employed,Yes,1300000,Yes,2016,6200,Portugal,2.0,Snowy,12.0,1,Oxygen,Charity,0,5.0,12,1
308,Rara Lake Trek ,1499,15,5,3055.0,Hotel/Guest House,Spring/Autumn/Winter,7/28/2022,Other,29,Private Sector/Self Employed,Yes,1050000,No,2017,2140,dominican republic,0.0,Rainy,8.0,0,,Adventure,1,3.0,12,0
309,Rara Lake Trek ,1499,15,5,3055.0,Hotel/Guest House,Spring/Autumn/Winter,12/01/2020,Other,34,Private Sector/Self Employed,Yes,1000000,Yes,2016,3080,Grenada,1.0,Clear,5.0,1,Poles,Leisure,0,4.0,12,1
310,Rara Lake Trek ,1499,15,5,3055.0,Hotel/Guest House,Spring/Autumn/Winter,04/03/2020,Female,30,Private Sector/Self Employed,No,1450000,Yes,2017,8940,Zambia,0.0,Cloudy,6.0,0,,Adventure,1,3.5,12,0
311,Rara Lake Trek ,1499,15,5,3055.0,Hotel/Guest House,Spring/Autumn/Winter,1/21/2022,Other,29,Private Sector/Self Employed,Yes,500000,No,2017,5200,Naure,1.0,Clear,10.0,1,Poles,Leisure,0,4.5,12,1
312,Short Annapurna Trek,590,5,1,1990.0,Hotel/Lodge,Spring/Autumn/Winter,1/13/2022,Male,35,Private Sector/Self Employed,No,800000,No,2017,1000,Bulgaria,1.0,Clear,10.0,1,Poles,Leisure,0,4.5,1,1
313,Short Annapurna Trek,590,5,1,1990.0,Hotel/Lodge,Spring/Autumn/Winter,1/19/2022,Other,26,Private Sector/Self Employed,Yes,450000,No,2017,7520,Sweden,1.0,Clear,5.0,1,Poles,Leisure,0,4.0,1,1
314,Short Annapurna Trek,590,5,1,1990.0,Hotel/Lodge,Spring/Autumn/Winter,2/29/2020,Other,27,Government Sector,Yes,1050000,Yes,2016,1910,Croatia,2.0,Snowy,12.0,1,Oxygen,Charity,0,5.0,1,1
315,Short Annapurna Trek,590,5,1,1990.0,Hotel/Lodge,Spring/Autumn/Winter,9/28/2022,Female,28,Private Sector/Self Employed,Yes,500000,No,2016,4960,Mongolia,0.0,Rainy,8.0,0,,Adventure,1,3.0,1,0
316,Short Annapurna Trek,590,5,1,1990.0,Hotel/Lodge,Spring/Autumn/Winter,7/15/2020,Female,29,Government Sector,Yes,600000,No,2017,4260,Lesot,0.0,Cloudy,6.0,0,,Adventure,1,3.5,1,0
317,Short Everest Trek,1060,7,2,3900.0,Hotel/Guest House,Spring/Autumn,6/28/2022,Female,28,Private Sector/Self Employed,Yes,1450000,Yes,2017,320,Argentina,1.0,Clear,5.0,1,Poles,Leisure,0,4.0,2,0
333,Tenzing Hillary Everest Marathon ,1499,20,9,5545.0,Hotel/Guest House,Spring/Autumn/Winter,9/17/2020,Other,31,Government Sector,No,400000,No,2017,6340,Qatar,2.0,Snowy,12.0,1,Oxygen,Charity,0,5.0,2,1
334,Tenzing Hillary Everest Marathon ,1499,20,9,5545.0,Hotel/Guest House,Spring/Autumn/Winter,09/10/2022,Female,32,Government Sector,Yes,800000,No,2016,7100,Republic of South Africa,0.0,Cloudy,6.0,0,,Adventure,1,3.5,2,0
335,Tenzing Hillary Everest Marathon ,1499,20,9,5545.0,Hotel/Guest House,Spring/Autumn/Winter,10/13/2022,Male,28,Private Sector/Self Employed,Yes,750000,Yes,2017,3280,Gaiana,1.0,Clear,5.0,1,Poles,Leisure,0,4.0,2,0
336,Tenzing Hillary Everest Marathon ,1499,20,9,5545.0,Hotel/Guest House,Spring/Autumn/Winter,12/30/2020,Other,28,Private Sector/Self Employed,Yes,550000,No,2016,4040,Kenya,1.0,Clear,10.0,1,Poles,Leisure,0,4.5,2,0
337,Tenzing Hillary Everest Marathon ,1499,20,9,5545.0,Hotel/Guest House,Spring/Autumn/Winter,10/21/2022,Other,28,Private Sector/Self Employed,Yes,1200000,No,2016,700,Bosnia Herzegovna,0.0,,8.0,1,,Unknown,0,,2,0
348,Tsum Valley and Manaslu Trek ,1499,27,8,4460.0,Hotel/Guest House,Spring/Autumn/Winter,09/08/2020,Other,29,Private Sector/Self Employed,Yes,500000,No,2017,5850,Palao,0.0,Rainy,8.0,0,,Adventure,1,3.0,9,0
349,Tsum Valley and Manaslu Trek ,1499,27,8,4460.0,Hotel/Guest House,Spring/Autumn/Winter,5/15/2022,Other,34,Private Sector/Self Employed,Yes,1000000,Yes,2016,6780,Santa Principa,1.0,Clear,5.0,1,Poles,Leisure,0,4.0,9,0
350,Tsum Valley and Manaslu Trek ,1499,27,8,4460.0,Hotel/Guest House,Spring/Autumn/Winter,12/16/2021,Female,28,Private Sector/Self Employed,Yes,750000,No,2016,3560,India,0.0,Cloudy,6.0,0,,Adventure,1,3.5,9,0
351,Tsum Valley and Manaslu Trek ,1499,27,8,4460.0,Hotel/Guest House,Spring/Autumn/Winter,11/23/2022,Male,28,Private Sector/Self Employed,Yes,1200000,Yes,2016,320,Argentina,1.0,Clear,10.0,1,Poles,Leisure,0,4.5,9,0
352,Tsum Valley and Manaslu Trek ,1499,27,8,4460.0,Hotel/Guest House,Spring/Autumn/Winter,03/04/2020,Male,28,Private Sector/Self Employed,Yes,800000,Yes,2017,2620,Jibuti,2.0,Snowy,12.0,1,Oxygen,Charity,0,5.0,9,1
353,Tsum Valley with Manaslu Trek,1850,20,10,5220.0,Hotel/Guest House,Spring/Autumn,07/07/2023,Male,26,Private Sector/Self Employed,Yes,600000,Yes,2017,1120,Belarus,1.0,Clear,5.0,1,Poles,Leisure,0,4.0,9,0
354,Tsum Valley with Manaslu Trek,1850,20,10,5220.0,Hotel/Guest House,Spring/Autumn,5/15/2023,Other,34,Private Sector/Self Employed,Yes,1000000,No,2016,2030,Czech Republic,0.0,,8.0,1,,Unknown,0,,9,0
355,Tsum Valley with Manaslu Trek,1850,20,10,5220.0,Hotel/Guest House,Spring/Autumn,7/13/2023,Female,34,Private Sector/Self Employed,Yes,1050000,No,2017,7620,Tajikistan,0.0,,8.0,1,,Unknown,0,,9,0
356,Tsum Valley with Manaslu Trek,1850,20,10,5220.0,Hotel/Guest House,Spring/Autumn,06/10/2023,Male,29,Private Sector/Self Employed,Yes,500000,No,2017,4340,Libya,2.0,Snowy,12.0,1,Oxygen,Charity,0,5.0,9,1
357,Tsum Valley with Manaslu Trek,1850,20,10,5220.0,Hotel/Guest House,Spring/Autumn,12/04/2020,Male,28,Government Sector,Yes,300000,No,2016,5040,Morocco,0.0,,8.0,1,,Unknown,0,,9,0
358,Upper Mustang Tiji Festival Trek,2150,18,2,4210.0,Hotel/Teahouse,Spring/Autumn,5/19/2021,Female,28,Private Sector/Self Employed,Yes,1400000,No,2016,2120,Dominica,1.0,Clear,5.0,1,Poles,Leisure,0,4.0,13,1
359,Upper Mustang Tiji Festival Trek,2150,18,2,4210.0,Hotel/Teahouse,Spring/Autumn,2/20/2020,Other,28,Private Sector/Self Employed,Yes,750000,No,2017,4420,Luxembourg,1.0,Clear,10.0,1,Poles,Leisure,0,4.5,13,1
360,Upper Mustang Tiji Festival Trek,2150,18,2,4210.0,Hotel/Teahouse,Spring/Autumn,3/30/2021,Other,34,Government Sector,Yes,1300000,No,2016,5160,Namibia,0.0,,8.0,1,,Unknown,0,,13,0
361,Upper Mustang Tiji Festival Trek,2150,18,2,4210.0,Hotel/Teahouse,Spring/Autumn,07/09/2022,Other,31,Government Sector,No,300000,No,2017,1240,Canada,0.0,Rainy,8.0,0,,Adventure,1,3.0,13,0
362,Upper Mustang Tiji Festival Trek,2150,18,2,4210.0,Hotel/Teahouse,Spring/Autumn,03/05/2023,Female,26,Private Sector/Self Employed,Yes,1250000,No,2017,7760,Tonga,0.0,Cloudy,6.0,0,,Adventure,1,3.5,13,0
363,Upper Mustang Trek,2100,17,7,4200.0,Hotel/Guest House,Spring/Autumn/Winter,04/08/2022,Other,26,Private Sector/Self Employed,Yes,1250000,No,2016,4340,Libya,1.0,Clear,10.0,1,Poles,Leisure,0,4.5,13,1
364,Upper Mustang Trek,2150,17,2,4210.0,Hotel/Guest House,Spring/Autumn,7/26/2023,Female,28,Government Sector,Yes,300000,No,2016,2040,Benan,0.0,Rainy,8.0,0,,Adventure,1,3.0,13,0
365,Upper Mustang Trek,2100,17,7,4200.0,Hotel/Guest House,Spring/Autumn/Winter,09/09/2022,Female,27,Private Sector/Self Employed,No,1550000,Yes,2016,7620,Tajikistan,0.0,Cloudy,6.0,0,,Adventure,1,3.5,13,0
366,Upper Mustang Trek,2100,17,7,4200.0,Hotel/Guest House,Spring/Autumn/Winter,3/13/2022,Other,31,Government Sector,Yes,1200000,No,2016,1160,Cambodia,0.0,Rainy,8.0,0,,Adventure,1,3.0,13,0
367,Upper Mustang Trek,2100,17,7,4200.0,Hotel/Guest House,Spring/Autumn/Winter,09/03/2021,Male,34,Private Sector/Self Employed,No,950000,Yes,2017,3640,Iran,1.0,Clear,5.0,1,Poles,Leisure,0,4.0,13,1
368,Upper Mustang Trek,2150,17,2,4210.0,Hotel/Guest House,Spring/Autumn,02/01/2023,Female,31,Private Sector/Self Employed,Yes,1250000,No,2016,5080,Mozambique,1.0,Clear,10.0,1,Poles,Leisure,0,4.5,13,1
369,Upper Mustang Trek,2150,17,2,4210.0,Hotel/Guest House,Spring/Autumn,10/14/2020,Male,31,Private Sector/Self Employed,Yes,900000,No,2017,1160,Cambodia,0.0,Cloudy,6.0,0,,Adventure,1,3.5,13,0
370,Upper Mustang Trek,2150,17,2,4210.0,Hotel/Guest House,Spring/Autumn,05/10/2022,Female,28,Private Sector/Self Employed,Yes,1250000,No,2017,7640,Thailand,2.0,Snowy,12.0,1,Oxygen,Charity,0,5.0,13,1
371,Upper Mustang Trek,2150,17,2,4210.0,Hotel/Guest House,Spring/Autumn,4/19/2023,Other,26,Private Sector/Self Employed,Yes,1400000,No,2017,4380,Liechtenstein,1.0,Clear,5.0,1,Poles,Leisure,0,4.0,13,1
372,Upper Mustang Trek,2100,17,7,4200.0,Hotel/Guest House,Spring/Autumn/Winter,10/14/2022,Male,28,Private Sector/Self Employed,Yes,600000,No,2017,6860,Senegal,2.0,Snowy,12.0,1,Oxygen,Charity,0,5.0,13,1
373,Upper Mustang Trek with Yara,2300,18,2,4200.0,Hotel/Lodge,,02/01/2020,Other,28,Private Sector/Self Employed,Yes,1150000,No,2016,5120,Oman,0.0,Rainy,8.0,0,,Adventure,1,3.0,13,0
374,Upper Mustang Trek with Yara,2300,18,2,4200.0,Hotel/Lodge,,7/23/2022,Other,30,Private Sector/Self Employed,No,550000,Yes,2017,1200,Cameroon,1.0,Clear,10.0,1,Poles,Leisure,0,4.5,13,1
375,Upper Mustang Trek with Yara,2300,18,2,4200.0,Hotel/Lodge,,3/17/2023,Other,29,Private Sector/Self Employed,Yes,1350000,No,2016,2080,Denmark,2.0,Snowy,12.0,1,Oxygen,Charity,0,5.0,13,1
376,Upper Mustang Trek with Yara,2300,18,2,4200.0,Hotel/Lodge,,09/12/2022,Male,32,Government Sector,Yes,350000,No,2017,7680,Togo,1.0,Clear,5.0,1,Poles,Leisure,0,4.0,13,1
377,Upper Mustang Trek with Yara,2300,18,2,4200.0,Hotel/Lodge,,2/29/2020,Female,28,Private Sector/Self Employed,Yes,1150000,No,2017,4400,Lithuania,0.0,Cloudy,6.0,0,,Adventure,1,3.5,13,0
378,Upper Mustang Trek ,1499,17,6,3870.0,Hotel/Guest House,Spring/Autumn/Winter,5/22/2022,Other,31,Government Sector,Yes,1500000,Yes,2017,4960,Mongolia,1.0,Clear,5.0,1,Poles,Leisure,0,4.0,13,1
379,Upper Mustang Trek ,1499,17,6,3870.0,Hotel/Guest House,Spring/Autumn/Winter,9/29/2021,Male,27,Private Sector/Self Employed,No,800000,No,2016,5860,Pakistan,1.0,Clear,10.0,1,Poles,Leisure,0,4.5,13,1
380,Upper Mustang Trek ,1499,17,6,3870.0,Hotel/Guest House,Spring/Autumn/Winter,3/23/2022,Female,25,Private Sector/Self Employed,Yes,1400000,No,2017,1910,Croatia,0.0,Cloudy,6.0,0,,Adventure,1,3.5,13,0
381,Upper Mustang Trek ,1499,17,6,3870.0,Hotel/Guest House,Spring/Autumn/Winter,03/12/2023,Other,28,Private Sector/Self Employed,Yes,800000,No,2017,8400,united states of america,2.0,Snowy,12.0,1,Oxygen,Charity,0,5.0,13,1
382,Upper Mustang Trek ,1499,17,6,3870.0,Hotel/Guest House,Spring/Autumn/Winter,10/13/2021,Other,31,Government Sector,Yes,400000,No,2016,2660,Gabon,0.0,Rainy,8.0,0,,Adventure,1,3.0,13,0
